-- phpMyAdmin SQL Dump
-- version 4.8.5
-- https://www.phpmyadmin.net/
--
-- Host: 127.0.0.1
-- Erstellungszeit: 07. Jun 2019 um 17:46
-- Server-Version: 10.1.39-MariaDB
-- PHP-Version: 7.3.5

SET SQL_MODE = "NO_AUTO_VALUE_ON_ZERO";
SET AUTOCOMMIT = 0;
START TRANSACTION;
SET time_zone = "+00:00";


/*!40101 SET @OLD_CHARACTER_SET_CLIENT=@@CHARACTER_SET_CLIENT */;
/*!40101 SET @OLD_CHARACTER_SET_RESULTS=@@CHARACTER_SET_RESULTS */;
/*!40101 SET @OLD_COLLATION_CONNECTION=@@COLLATION_CONNECTION */;
/*!40101 SET NAMES utf8mb4 */;

--
-- Datenbank: `fumasi`
--

-- --------------------------------------------------------

--
-- Tabellenstruktur für Tabelle `tbl_formation`
--

CREATE TABLE `tbl_formation` (
  `frm_id` int(11) NOT NULL,
  `frm_typ` varchar(30) NOT NULL
) ENGINE=InnoDB DEFAULT CHARSET=utf8;

--
-- Daten für Tabelle `tbl_formation`
--

INSERT INTO `tbl_formation` (`frm_id`, `frm_typ`) VALUES
(0, '0-0-0'),
(1, '4-3-3'),
(2, '4-4-2'),
(3, '5-3-2');

-- --------------------------------------------------------

--
-- Tabellenstruktur für Tabelle `tbl_position`
--

CREATE TABLE `tbl_position` (
  `pos_id` int(11) NOT NULL,
  `pos_kurzel` varchar(5) NOT NULL
) ENGINE=InnoDB DEFAULT CHARSET=utf8;

--
-- Daten für Tabelle `tbl_position`
--

INSERT INTO `tbl_position` (`pos_id`, `pos_kurzel`) VALUES
(2, 'TW'),
(3, 'LV'),
(4, 'IV'),
(5, 'RV'),
(6, 'RV'),
(7, 'ZDM'),
(10, 'LF'),
(11, 'ZOM'),
(12, 'RF'),
(13, 'ST');

-- --------------------------------------------------------

--
-- Tabellenstruktur für Tabelle `tbl_spieler`
--

CREATE TABLE `tbl_spieler` (
  `spl_id` int(11) NOT NULL,
  `spl_vorname` varchar(30) NOT NULL,
  `spl_nachname` varchar(30) NOT NULL,
  `spl_fs_team` int(11) NOT NULL,
  `spl_alter` int(11) NOT NULL,
  `spl_fs_position` int(11) NOT NULL,
  `spl_ausdauer` int(11) NOT NULL,
  `spl_technik` int(11) NOT NULL,
  `spl_torgefahr` int(11) NOT NULL,
  `spl_zweikampf` int(11) NOT NULL,
  `spl_rote` int(11) NOT NULL,
  `spl_gelbe` int(11) NOT NULL,
  `spl_verletzt` int(11) NOT NULL,
  `spl_preis` int(11) NOT NULL,
  `spl_tore` int(11) NOT NULL,
  `spl_nummer` int(11) NOT NULL
) ENGINE=InnoDB DEFAULT CHARSET=utf8;

--
-- Daten für Tabelle `tbl_spieler`
--

INSERT INTO `tbl_spieler` (`spl_id`, `spl_vorname`, `spl_nachname`, `spl_fs_team`, `spl_alter`, `spl_fs_position`, `spl_ausdauer`, `spl_technik`, `spl_torgefahr`, `spl_zweikampf`, `spl_rote`, `spl_gelbe`, `spl_verletzt`, `spl_preis`, `spl_tore`, `spl_nummer`) VALUES
(1, 'Tobias', 'Kinder', 20, 20, 2, 5, 5, 5, 5, 0, 0, 0, 500, 0, 1),
(2, 'Stefan', 'Senftleben', 20, 34, 13, 5, 5, 5, 5, 0, 0, 0, 500, 0, 23),
(5, 'Tobias', 'Bräuer', 9, 35, 12, 5, 5, 5, 5, 0, 0, 0, 500, 0, 77);

-- --------------------------------------------------------

--
-- Tabellenstruktur für Tabelle `tbl_spielplan`
--

CREATE TABLE `tbl_spielplan` (
  `sp_id` int(11) NOT NULL,
  `sp_datum` datetime NOT NULL,
  `sp_fs_heim` int(11) NOT NULL,
  `sp_fs_auswaerts` int(11) NOT NULL,
  `sp_ergebnis` varchar(10) NOT NULL
) ENGINE=InnoDB DEFAULT CHARSET=utf8;

--
-- Daten für Tabelle `tbl_spielplan`
--

INSERT INTO `tbl_spielplan` (`sp_id`, `sp_datum`, `sp_fs_heim`, `sp_fs_auswaerts`, `sp_ergebnis`) VALUES
(1, '2019-08-30 20:00:00', 14, 6, 'TBD'),
(2, '2019-08-30 20:00:00', 4, 7, 'TBD'),
(3, '2019-08-30 20:00:00', 9, 17, 'TBD'),
(11, '2019-08-30 20:00:00', 3, 16, 'TBD'),
(12, '2019-08-30 20:00:00', 12, 19, 'TBD'),
(13, '2019-08-30 20:00:00', 13, 5, 'TBD'),
(14, '2019-08-30 20:00:00', 15, 20, 'TBD'),
(15, '2019-08-30 20:00:00', 11, 18, 'TBD'),
(16, '2019-08-30 20:00:00', 8, 10, 'TBD');

-- --------------------------------------------------------

--
-- Tabellenstruktur für Tabelle `tbl_team`
--

CREATE TABLE `tbl_team` (
  `tm_id` int(11) NOT NULL,
  `tm_name` varchar(30) NOT NULL,
  `tm_farbe` varchar(20) NOT NULL,
  `tm_stadion` varchar(30) NOT NULL,
  `tm_logo` blob NOT NULL,
  `tm_budget` int(11) NOT NULL,
  `tm_fs_trainer` int(11) NOT NULL,
  `tm_fs_formation` int(11) NOT NULL
) ENGINE=InnoDB DEFAULT CHARSET=utf8 ROW_FORMAT=COMPACT;

--
-- Daten für Tabelle `tbl_team`
--

INSERT INTO `tbl_team` (`tm_id`, `tm_name`, `tm_farbe`, `tm_stadion`, `tm_logo`, `tm_budget`, `tm_fs_trainer`, `tm_fs_formation`) VALUES
(0, 'XXX', 'XXX', 'XXX', '', 0, 0, 0),
(3, 'FC Bayern München', 'rot', 'Allianz Arena', '', 0, 1, 1),
(4, 'Borussia Dortmund', 'gelb', 'Signal Iduna Park', '', 0, 2, 1),
(5, 'RB Leipzig', 'rot', 'Red Bull Arena', '', 0, 3, 1),
(6, 'Bayer Leverkusen', 'rot', 'BayArena', '', 0, 4, 1),
(7, 'Borussia M´Gladbach', 'grün', 'Borussia Park', '', 0, 5, 1),
(8, 'VfL Wolfsburg', 'grün', 'Volkswagen Arena', '', 0, 6, 1),
(9, 'Eintracht Frankfurt', 'rot', 'Commerzbank-Arena', '', 0, 7, 1),
(10, 'Werder Bremen', 'grün', 'Weser-Stadion', '', 0, 8, 1),
(11, 'TSG 1899 Hoffenheim', 'blau', 'PreZero Arena', '', 0, 9, 1),
(12, 'Fortuna Düsseldorf', 'rot', 'Merkur Spiel-Arena', '', 0, 10, 1),
(13, 'Hertha BSC', 'blau', 'Olympia Stadion', '', 0, 11, 1),
(14, '1. FSV Mainz 05', 'rot', 'Opel Arena', '', 0, 12, 1),
(15, 'SC Freiburg', 'rot', 'Schwarzwald-Stadion', '', 0, 13, 1),
(16, 'FC Schalke 04', 'blau', 'Veltins-Arena', '', 0, 14, 1),
(17, 'FC Augsburg', 'rot', 'WWK Arena', '', 0, 15, 1),
(18, 'VfB Stuttgart', 'rot', 'Mercedes-Benz Arena', '', 0, 18, 1),
(19, 'Hannover 96', 'grün', 'HDI Arena', '', 0, 16, 1),
(20, 'SG Dynamo Dresden', 'gelb', 'Rudolf-Harbig-Stadion', 0x89504e470d0a1a0a0000000d49484452000000c8000000a90803000000592e8253000000f6504c5445ffffff93000e060604fdfdfdf3ac26000000000003900000000603fab127f6ae268d0000ffb5288a000000030493000beda825ffb929df9e23bd861ec68c1fd19421830000e5a2249a000e7251128a62169e7019aa781bb8821d50390dfaf6f62d20076b4c117c5814372709eddedf5a400e45310bcdcdcd1a1a1a261b07dfdfdfe3cccd1811049267173e2c0b8a010d8484849d9d9d300506f3eaeacda5a6d5b2b3dcbfc03b050763040aaaaaaa75030b250505150604b8787a4444445a0409676767282828c18d8eb9b9b95a5a5a767676480508b06b6c9d3134aa575992191aa240439a252aa54b4d3838381e06049a656613201f8e1402850000200049444154789ccd5d697bda48b3c5422d212110ab318bd921c180498625cb0c4e8293c1c676e6bdffffcfdc5abab521b09d7192e90ff3646c963edd55a74e5557cb89c44b8f64ab359fcffbe3e562b3dedededdef4e60eceeef6eb7ebcd6239eec32f5bade48b7fed8b0e98fe78b558dfdea433a7994c269d364dd33da1e1c23fd3f033f845fae676b3588d01d2ef9e6fdc68f557b003b7f7699abf9c7dfc70cd34beeafe167668d56ffdee9907466bbc001bdaa571078e4208c3013ce6fdc3ed7631fedd0070b4c69b9bddcc349f012102c73467bbbbcdf837ee4c6b3e5edc9e9e8221fd1086001a30b6d3ccedb23fff0d1c90ec2f370f99cc13f6c1a5f1f8cbd299f4c366d5ffb530fa8bf5c3519f763d8e22f6a27ff2bf8fd8a06b66ccdbf5e2d791d9787b77128bc295240bf676439c4451438df18a886d07bf3ecd1033ef7f0418d9c9ddfa576c4bb2b539c9c4ac2a79adbbbbb97b582fc69ead27213a7a23e9790038d7fae1eee69ede148325b35bfce490091c057eb1b78e48a4b0050881a63fef43641c2f169bcd767b0b33beb979009a5d53648740289d1ae160f08437ef7d6026bde9ff4428e3f52e13dd0b70d2cccd7ab3640c7354269bedc33db9489a420b0e7013fc1ff41280bcdd2cc0ece41b168bedfd3e6bb899dde667c597f9e626b276ae9b3e4d4340a3f03c5fe1fa83f70495890775bbddf9620531ed507c2d287c80b2d9dced6149a76f363f25b88cefc230d09633eb3119f37cb9bdbfdf99317111663d5bafe6ad646b1b5904daa8ddfdcd6685d34dce9777514a33d3772feff6c9c5a9199a46fafe613d267f586e219cc57210c0b8d9aee8fdfd6d7affd7186360394e679bf11cd02497db3b331d8272ba78614f996f4e835f90c6d8055fcd5171df59e53433771b5c52a02bd8cef8d7c8a5cfb8b7c414fdc5d60dbaa17bba7851f39a6f820b65a29c801f3e1215d32ec248c248acee8fe1a0199b99dd76b322624c07a0b8e9977494561087797a876bc751f1c8cc3277e324c180fdb839f242ff83c15c6f61035afd75c6ff3e37fd82d6b5f497c834ef70d9963771513138abd986770370f41f9e8283660d46b685559a6f67dea7bb99d54be1e87b385ca044b42937262a86461ae1320ed0029967c87c6074b4c8d583f70633fd52eaeb36ed7dc9769c682d1e1e837192beed2b186058e63dc4f69dc9c9ef13b064ee01ca7c33534832db97c131df799fb89e27c6b7fbf2283acc87b9872309c1bb8f03c4c972b3dd1d26b9c0fbd30f4b305fb55eeeee65fc7da5224406cc6a71ffa88db8e62ee9e348065d152b2cab35c895c73ec44cc377ad24e5bbb397f1928d5c98f43ad15a3f665510b07737ad208ef0a04fecaf21c33ffe412e3afd423aa7b97911206bfe4af3769e58671e81914edf62a43c8843a169add6f7e9e3bb92d982ac49bf24101649aeb90cd270fc77cfd64b649847703094f1c63dbe2960c94b364173fd8240cc9b71e2685c3391375b4f41a1a0f41f4e8f7ee04e4552f365684b02b9edb7668737c434676b52b14f1ff0eae5ee58de3f6bc950fa423bb25640e60781b8e97b60e6e7a09058e6ebc39e1200f2123e72f1ea7ffc610f8777c4c440f97c1888a4b538485fee4e891bf37faf2efe258a0fdfbefedf277638487276f140d2f78ba7fb46144962393b9405808fdc31d1fcfd7f5fbf7df8612cafbe7dffa20921fe3e2320e0ec27715fe9666efa3f0a8390ac76f148cc7b90ffb474ee3b9886f6fdeadbab674248b62ede5e091a9a96fa833fcc5c25e254acb95b1f8311fcd4432f39a0f2d3dbc452aabc7f529ac6f3b97a7bf1d44ad1fcd5f59b2b82c02395e20fcb2c13ebfdf4c8bc591ec5d11aaf708cfbf3c39c9658c57217c491850cc0a9949a0d627973fdea513d7c71fdf6f397000a4232e3cf5d4040dcc37177dccb134b970aa5bbbbdbf5627528587a130e03592537bc72b354703e30bd2fdfde5e1f71998bb79faf5e475020908fbcd3eb56ff348ae3a47fd43b127de9ad5403da3d6c17b1249d48c6699fd3d69c25cad9c754644a30c9d7579fdfc6604926ae3fbf7e2dc2280c83fe37f589bdfd619e8c4814d34c1ef7f2f01e229add368e19e29248f8f03e3bcfd9a7144ddec886b188d7af3f07ddbf75a15c5b0ba13026cd6997bc9d80b8e97ec4dbcd9b79684e3186b357047221978d8192589d44dd0474c99897e1ec4ff4f55aad39814945364688af1f2e2ed0ff5e7d78f37ddf9c0c311989aeed58c2d052da19dbec38b1092e30127208457f1931b444eb6e9f8fdcccc9724f1f8371455f093e295de70ca66008c7d1ab6234114678a644656f3ebc4a5cc5a0308c51bd5c9c541ddd19e02f39a2038bac0240dcdd328463bcb985574480dcc7112b0881f91e927134dac2baada58be07c3b3099eaa458ae8f22dbc260ae129fc330b2807d7429ba8ee58c8605db2aa26dbd6727b94bf4033c09349f08c0b8bd374d731105121f21dcf47eee95b80dbfd4dcf565003e7b8f9655b2ecc2652f6f3955d1dbdb164d7c4b5c47ddbb577072976d4b77eaa261e9b909d816c7f693d3e4dcff3610d9aadc93488eef4e01a2eb2ea2d38b893cfcee4c1449224289e96d6bce3f397b079635d275ab2eea8e6eb587b6531ec12604c188578996b2acac91359ab5da6890d79dce0416a022babaadd704783b7ff6e92ab1f10a2a99958763bccea4f78d8d7e171b2008c94dd4ba22d94eda0b5bb33f52e0ea3095aec881896860f1f9e6087c1f26ecd9562bd1fa2ad8bbc548342b8edd1180bd286a60923db02dbb28b2a97f3ed29640d2be54b695de2a18fdcd4e4a71f77e159ddcea606ebce72711aa7657d2d8ce3efe95ca8aa26d977b4398540d8d2c273a965318c2940551b2f80cbcf51681185ab75c6a4e1c69509618546cd8ca2218e6d0f09ce446c9510809cc58205e1f3c1d1e03647c307172f71caa1faa2f3ff4933bcf458c26b8eb39ccccae0c044cb28146e6649ba572973c5f5c23ffa26d898e6e5935013b509e0c1c695b05da50b4ad4ffcddbbbe3ae5e0f58418741b4827c27ccc933b9c1d9b6698ac13ad60d081a4702cd39fbfd1b26c1d2cab202dcb194c70a6a266593ad2aad0302e5ea06d190276e05ceb82f90d7b65db2e893a6c6067823f9d18a93f586e41a6b6f12a11f8d5cbd3d02aee0399df1e0412a2bda843e17e716471677fa68cc939ba6c3567db5301b32bb7874cc6f8d32c5a1689c837685bb46dc3099155ddd2f509d896dd20db6a1a29ed232757106c2943808d0755d35f87254b0c90d621dac2711ad99255a0067fd34fcacdff8896555196d504fa62f3d727c39c6e3568f26f48a27cd070772e81acba1a395235a7eb80dcb24a233033ab0ab6f59e670af32727a1b2c6f22e926fc700496e8e0049df868104f2128859ca1d41684158d39d661b66541653ddce5505402892fdb471eeafaf59f45ec1ff64858ed10fdf7179c9b605efe8081b406bd9d43b5ea7139993603560bd97d8ed3bfb11fec5d7ef42c495e8fb7688b988e4893f53590d2c4b97965552f4d565fa42cbba923298823bf180e03d3c47836ac31e4ec5b963eb2343e524e94d628c51ca5d8ca3db7100c8f25895d70c499aa0b79fce9551ce301ada92a8c0e2c1e11b3c41411c4be42be52f1370d342dbc29728afb2c0ab88c28447c0605be817a061639c380e88ccba0f00b90dc6f7801d9aaee2bb33e4ac2a5b968d9665a39dd07243a8b320364034bc5609153a898164a54cd07b6173042b500220ff4829bf4ac41ecf32909368647fe4d42de254be6ef0f5292a5f5cd2c268400b8dec23ba398c0a00acd446209a77eaf0059dc4505b0764756ec3d6c9f0e8e8b6e1d95646da563c90688c7bf4d82dfc8600907e20cb352497c2742668fad2b2da369a3e5ad695975a31015775e54ced26d2343b5315e27cd7b7adfbd63c569ad348ef03391648287d0eda963ac08064b4c5be459655b374bb8a6454223292818e8d0c27fec14fd6c949dae81418cc73f42ea6b7de25fd544bfd2915f038719851d39b3d20d18687c88e3cf4e38004ea1cc05968434054101eaa1c1ebaba1eb02c4df82595e4172f260efc80331ae6701f29521a201c6989201c1fd64fe94d34877f0488eb8e6380b8b371e241e6547fa50ccf9c2a433427b27615b0c9b20275aeb76c5be0435202347d09d0a59faa12849b39622de65ee6e71d131d1899550808ef3508b9169fba61d9816ca8eb4928a7d923fe89b32c148e945515a441594d1065c875b02f03e4ad730362e24c7df541dbc2fa70d4b61e01b2880102e165215dfd1de82c242aada3eb760dd54681442d2d724110f9060b2914dcc1b66c96c916cb6423406146eaaf8f329400a51eb02d25ee9f0e04bc7d0f082e874a456043223c3a45b37728cd60cbfa1aac3a2699b786969fb880bb4ff19fe5d100648aafe5cd9b7e34bd0e2cf07e443c0e241812133231f6a429eb2c0867f600a361112cc4ce0d02891f4dfa6da840774d092f1a62098b27a8e52d2f3c6282095afecf19affae2b06d6516c92890cd7120812a0448657a6d7aa9de3403571f1555d23d65a26a227d4dcaf853cd178c11db02016f07c9ea3287293f1046eed250a55373db6a1d3a140d59ca9380983e3d4816714d8f4e3037bcd4759a8d9e6bfbf4258b23645991bae937fae9a5c37a4bcf49b2420a6f1385836dbd63dedaad128738d57cd82b8e2c8e02718340b8508cf28405e9d91face0f33db68f3a1115ac2dc9a77ccfe03a50785052624c807b41ca005955b5b28ca41669b4b2d0023265af9aad809cecf1ef234032012074ba003f09085f4dd08ca83a87d1b08cd1d026322e4f8c7dcb4a24e6df694ba6f00e0d327d3b90e9b3cc41bd25abd937f3e4210595f93740289a43c4edfbf2c4d0f244540ed7433067056043a62f4c45beefb5a95055480c746428e4e85193c80a9d4a03de72ba9e04c6239ffd93121ea7d140f21890b40704dbdbb85ea692314d719696a310080e4cd1b048058581114c4502b64531d1272bda3eaeff0e59e1c3ef6528b957e71efb3bb257103a0e24e0ec89396e33368a98814a297e730f7446be3329fa35c382a7b3a29605b645753ae4addca047f480b27ed8d36d4ccee0a7c85bef1e538e99a8fe7d3afd727f9b5f603c79071b32cca169236db687364743bbd21ee4b0e84615c63d1c89041370870c11ddeab22d298cd365d25bb2e468de1e3cc05c3f13881f10c9a2500edf7805468d0a075561cb3c2f4f75f5925420719ce5dbd604c90a8b604056a4b780c2acc1087f4aee4e5fefeefa072236b86a04c893250a9d2281cc5af9753943c3ec68d2a194a84049b8c5c543abac195cbbde1f171cdc1bba5de9080bb3fd29e92d2e2901578077052a75abd8ee015062cf02e29b6202a3ac7bdff7ea72ffa0cef288aaa93992be6cb21ab6ac2f71a7bb2d2ea6204391deaa4c284b260ad3aa39d25b5e74f72c200ae42652d03d183b25108f1cc83502364bae8ef2bb332948cbb20713a22ff8a7dea40d7913db23f881dd1dad700411283f1851fdd7a3b0129685e40903f8646ca1dd3c8900993f3543a48501f6562c021e62b4b9004da5069a001e790c30932db0abc77742bcfaa262a2de1ce5701570412e2f65215ccfe12aa43e7a75a1b8dcdd74a325f6a3c5076cb3962f44c19bbef5aa40b821465349bd42af09018ed47805039c53e3dc30feacbdf58d53f73cbe0ed349d1c9a131a2c35df6f21413bddc1d8262dc96b8e90890a375ad40fd08d9cdcd8cbdf34f6ada60a2a252031215d63da5eb8ed8b20e347350c29bc5b305a207ab33c1fa2f95f449cb975014a82db969cde38e6ca34096476abf81b65a12bc69d0d5275e46a565353a36abda28aeb0eeab217d55d1f60b244fb40ff13812179edecad3c94a511236ad4303cb4a685b3228829bc6e814d0e0211c478bd881b216e4b62eb6edc8f36fd4bd100abcc29a242a7499e124ef59d6c18e94cf5c3bf542e86840468aef6f5f3afc7e2fe53d89ab4298bb3090a3652df32ee16f489a8a5c9ce85030a415b57aed0a8b2b7051161c0dc7d687b10a3ec25b8a2be8f411f76582221a63227345ea6f9e0678c962bf5d214cbf89fede2b02bb97f1327cf037178f52d5fefd9d92fc591ef197ab29490938daab3a44dc9d632292d590c98a64a686670bb83e768fdc5d9efa3cb45a7b9464468e3c0ea9645a894039ef218d6f955e77f6915cfd922c03b23c9d44f994e8abcdf4754867a9c15ade27abe1880c1262a2453f9d72930d2fa8bbd83ffd8868add611cbcaf8e552aa272365c95773130d2784964a08353e6366faf28fa9e207d7b726948a015b585dd65b5e782c136f6952a780e28e1ef684d56f627eb8e01d2cfb265c936288a4c119f69919546a98743004729a8825e00e25aeacb38ef538263521d7a282c9b124ed36f772e00a0d784bb83990c27bd8074ec3e704eb537515317a19ce0f854459e0307d8fb2d843a45d583288d5049512aa39a5b3ae8e750426b976ca7a1f1399dea5250db5a275f45cb14940d496dccd93b7217a7543a96e22b95d6f366b7af2033e53c0bf1694b95b041a59d035b010702fe522b59989410932a34945baa7d5eb5594d3d2246252aab06d098e8952d8604cc45d858ca0ab553b6dee9950cd296048e176c4d0c5111873baa43bc72bafabcdd63ca5ab3de9d3fb45a0650b628d49653f5972e00dc16cb553057342eea4721bda77b3adec5b7c39de3d3bff2aeb5bb63ec0b3053eb7ea352b7a7d64080306b64ca4fe9ac90d8844bccc26191aa1dd6eb5fa8b87ddcd2d3d4d20f09a317ac822d19775eb19c6106cb532e00bdb75bd70c99d1b452c800e3cce8a17befe90e995e3d72e7216684f839a710c316a6ad9e096ac43a9a29bdeabfdc6c30a110251ef3c213d1d7b817006cd097f237c754db772b27363caf51ce0de43f2c4b32d96290590369899e53ba3fa7955601b4e568861ad98af9297c89cd7dd8d83b96cf8dce64923817752903696b34050c758d6e868d4c964648dea797dd2cd43a6ca87047105c6bd91e4f4aa46e7ed15a730c0cdc852fc193440b95914ddbdf06e6e5b739f82d39bc7671e0582bc0779a5a765c843b2226759b962973bcc685b3a05a780e7ebf9eea34144da16951c2f2d3b5f1783cea581a694858faa9680f8741df0d196c854d13d01eda882c57ebfd6e338fa329f5a484ee3ce588c5ce00d7a612a7b4bb359e3b233108dbc6df7a8c0f8787379f23bd54e8b7ab107ebc00ba2b56b39876050499fb6e49ddc12b06e2554c2c7e64fc2411be153efc9c91f29994ad097d996359db085a1fb8bcb925ea44ae9d5a338e4112f38946cb53344bbd3d01dfe601c58e0d2bcbc0429b82feb10fb87ba8fe16861e33236d3c906664a0cf110d056df673b7a63e0f530c29a1a07ab27d1c1953ad9c9890e5eb21d3d3038b0827694dbe0aa3cdbbc7fe686300ed75daa065faa92e2970f1a15c787923beffa5008c7eb27e048f87da7c053cd73e0091f037eb85deef19670491b45127b6ae6991e92e07d80bcd0a35e190b9159a63e1460dff234d88c1939a53a342e84dc46d129e76cdfa66cc762d3edca2d99c973de2571a77913113f8fe1e09336f7deabbfb27c976b68b4bb397f572018d6008a3293a7dd89914588d154cfdbc1cd2877c5c022771f19210abeeb63834a7ad1ea2f375b7cdec66681d72ce25acc03db317ec8481f1bdf07a9570d58c84170211dabd19c18bc214fbc41f2ea3576730d020e0ee1e3bc032b025207410d18c85f1f65f858275b3bd3bcbb958fd44aa733a7a727db0d3f68231ec67c31a36d484308516d3a1f53915b0900e5bc6205a1f0b1e1532ff6f096280a041876693aa0b0485d82f2f44ef30aa8781807a960f4c913e9ccfd761377c112efc36fb94fca74c75e87d9ec8f080e6ca716cd69d95fcf1257ae9f7c53ff9ab6a4cb64e538e783b6ec72c6240176a4c2ddb69ebf9b77ad70ffbf0263e29d9155e82e0f2ed4e256ddd622f2969efe29e5d9140f63d8e9d6cf4b150f481e83b1f8725cc08706379eeab825b9fac8270ce392b629afc91fc85345148f078e7e5c131fe6b09ab36404207350c069bf0d7aeed590d5b51d63321a5469fe1664d876806d2c16f05f9f8e43f602d7694b6ac2bf7f628cca04a429195a5e2da16ef3d5a15b8aae0b3e63de628eb57dc0278ff809d6cdd84ffba56189a693cf3b8ee5bb8637b095efc99425079efa88a61ee02806d2632003ef66c07b695c109d8fd7e2e8f134e17bec6e7ae9ddb690311dbeb5b88f003813e4aa4301ec591bc255086c3ac04ff1674d075a64ab0a1b041379e57cdd8abbf5727480412ad1eb7efc536d48c50ecddf8161e50ae562a3de4101fbbc0d61354f052eacc628db32b09720e8237e30c1d59d9f1e2958c76d1250844ae4bd985ef7840428a342e9bcdeed348797bd36dee5a1a6eb673e5c04bdc418b221751809e4870d47b2a0ef36a98f724bcc71b095fa2938fa7e11461916d69c158ef250b1170fce8a9e7b39b485225834e853ed017ddea8539684dc0d5c9e49a59471ddcd939b673cde10824f5f3e07e36ca642a1a83a811d29d79a917b538fa6ea315bf245605d883e31d7a8022396744bb2602f78994695e7c9e48f1fb405076493ad07450f5e28342e6b25cb830282a2d11481ed17df9fbb21096ab3c90a9224e074b94ace968488e7c5fca532bca8b0889977ffc005e2bd81ed378ae6ce021a0bd39f526057ac4a71e0433952803f3c2e20bc633945f28767baf654bacc6830519a4b723058cb131ddecc24bcec56d61bd4ca40f2343cb702df67950732248bd73f74159cbca41a094c962e71887611b27a4622351705b8d5a1ebe9211cf7f3c4523dbb42692ca3376daa6b5246a3a2fbdb922f742fd9437e0447a2a5a171d572560086559676259ae0f9569d41290e86246b9e583c8e0401fbf53055599c9ce7cb4a3200434e4b7e4a673978a42c5effe0136bb0586768c055bc2bb6e514a63da51e0b16fe44f297ecd3a67431f40cab781c3b8839eac9614a2b66b1c06c153a8aa5c059ba450f8a5307f67da4dc7b78ccf96249bb53d441ff404a32e8718e6650730a62d3798352aa1481d4955c1f7f7c8a0b92d7bb61a16e466739125a054f34505db3e1505644ad27e17ed2670d6ed9343828d17f6564acabdc118f62643558edc91a72f1637b62867070a5173e925484ad77827103bfb3814922645459f1c31ba2322c8dea63fe1d6cd13ecffb5e536029e639bc8b7de5ebc30fa131ef175c3da1211d3d6b601f966faa412cdab49cc39eeb1f8885fee06688f01043195cd873ac422f54444524e02787e28979bf0ce0387927a52289516ec2ca4682b92126dd3afcf4cb0fc4427fbcd90322a41ab2ad6ac3e2402fa94bc64546b2887fec939919835d291c2a128a1e51a3d500173444b117f9523ccf786a09e8e0d85b9e81dc08bd2926bc355c1200877fef2159e3f3de629edc9a36e77eadc1232c43545866138e8655680654099bf6f133dca78cebf0c313267519eacb903e8b5139e4a11e92137c38d6fc36fa181573b64d26c69ec05292574c0a5c651284035c3b57d522489eaf7aa323f92d00448cce65a067bd259abc3bc549b83e04481e56605e37411e36330fcb6462e93fb1f1bdac8fb64b365ba8019e3045a777caede873040ef5cf3c7d70830a7f5abbac02945dbe54e728ba2e0fbefdf31f18e9dd02567fe3dd8e3333bb053e21cfbbda7bf65e12efe49c2245812a244c5eb92ee582811ae98186a6678db7d2b8b2e2b2e0ab15ab8059a23121687c694b0be847cc9bb6fd44b2bf49d313a44f114662f5e005188543134c19d8019415032adcd835da9cae8744fc5b4fa7c1675860bdb45aba2e43a155115ef10b2f264b24be9fb866869eb8d55f6eb84cd77ff0fd1ffc5c45f48a5c1d588d26e9056b4a386a76453ddce1d9f96dfc78856758d9499d95b5556ed6e59e0c8581771d31f7f56c3a251b3c98a4321b7e16303ee87f7b1aa8b27cf232106352524b73ce4edfa0ea158820abc2f4f583ea7d7f601781d1e395734a6dd12ec850581b71700c968c52a9bf955a415995be5b2f606c6f323e8cb3d9df812a2f0805b9274424d6395d381ae0d759950e1d87bc8461e1487e15282260df6dab311280499ec2e5caec354e3d588d00b572e6ef0aff2185e0d3c0ce22455e63540f481e6e611a5598d8abc68b19160e2aa960178183a91476e32af262af2132ce7a196980bcf6871b3805514844cd13a1a5095513798128197d31c3c2f141608ed500d16e50255b0f0d69d5d3a6571206f33a8463f6ce332b432951036fa54a5a1f8aacc18116bd3eabfd1bd1bb3f4806438ec59dc15d029253c508e79caefe0e724e7da81833f5cffb59ccae9ccddeffe3d7dc27ed113f660916a9aacc1552ab4931207dfe95e8dd1f175fa83ecfde3965bfa8571cacc8e6a6138a28d89d86e7e26a53debd3f39db83f1ce63dd49ad512c95ceeb03c1bdad0349c3e0e0528cb2d77f7f41c3c2f12a5000ae53e3404734bb8dd279b749bb203a14ca5083a94dd1fef8343b3b9360e01fb34f7f68de61670d4f0d60d8b9e22573ecb0e2480ae1b0527aac71f107872fe83916e72fb1b94393851a435232ccaee11d25c3eafff9e92379cbece3a73fb5946755cdb2579c81b49c43b8e89583650eba42f572cceb8f96776a4dfd92ba83e5c66c36ab76c96350a7d21d79fc151cf2ed59d19e068ebcd1c998bd45bbe8974d0aed679eb23d7df055454c4bf1fbb827c423d01e9b05b3b153ec049f50940a9d711aa2530a352020f61aab2059244747191e6b7eff9743e6bd4c8e7625a8b465695531995581b8a9c50e316aa84299e5389e8175a49ee374c792f7a27fa4d2fb942175b0e8c2f7db85c041165d954770cd2eb77bd89eb20f0f4360cfab8451ae771b39b993e591ac334d1d9b3aa7b34f692efbe1f14d55e76c6c32f40b503d0ec4564d08bc7e4353cbef1544c8766408b7ec061fde4a116fd555aed0cd598ce3470ba44f1a5f15928a733e51f22a6bd45515825ca06c5372a47ac6d4698da6f23034c1f240b29d90674765559883d0c8d94dcc15c3971b171e925cc34bab2102d832127365b256a1675fe0af8cceb401a35ea3b301232b2b4985a15f1995bb59f54871c0fbf1f5a7fe41286e7984d976aaca5eb2c2634d5e670813e779b43c10836519f7f44a19a385684b9fa8f951a92305b4b7307c82f073082b80e435230978fac00b21b67d3e62289da6414596c03187534224532603dd2bf1e223a7c8b602e481ed0d3f89b0fc711dad7469b29e4dff75ac2a46433cb2317ae570bc708ac230542dacec9f427529f5c885e85cfbe938fc6284face3a2f7a41a6104ea943a976566337b65159ca7d0122e36e165038be4f707f8b1e00225eff34e23d88c4cbb206cd73ee8bb27264eec630c70702f56e77ca7b83f52f439327c5155518e5f426b823bf084708896a217080b126831c45893cdf80a28e574c1ef1649b4b09abdf34000002fa494441549205f01c252f391bc317d6f8779e8fbc4cf1e79948d8c0396a18225b8768262b11b276c7442bdaf4320af72cf8219670c4943d1b9617977e62403f8cc44b4a1b1a1f09354b7a4ee591ec22f52145c3e1f0b2371a11c58aa28c8194584a4af0e28878fdcbf68390300b8b9aa45eeb9c43b510d32927e28a95ad72a3868d6bde5507302ef677670a19cd40e2504d08e2cb2fdc0f18c90f7cf76750949d8f56a53ee14d911accb8aca86e6abd5228d583c7fe35a92cdb62ca09ae2d3b57631e46f1d307b50b82b357a52aa77b4bb8e481e9fad11046c5abe51aaaba505689a2f2fca7f75dbee0a07a04aa429560d8f9f3cbc0a3784192e782dd0676bee431aee46ca5e87599228aefbfe50fbb828264289d92edd957db8f3120c84ab9604b9fdf8da3a2289b5e41ca76f1f927ebab4363fe4d665aa35a418a41f90803655d46a75eca395e8f8c355515b991df9665378612c7cb56b09e335a92860dd16be4d9ec0b9e4be39136de926a76ea65c7896ec950d29d53694e7835c4f5effcf3c7af3405a589f9946d79894676c2833b0deab22e31f4c23729315b9f6a92b61fb9c5f6d3c7fc9b263314a45227906e35ce8ba55299e44ad6900ac0697aea7d54802ca5d494fd4bdaef332b355ad7df551f5ab3581efaca2f470555794e2a3a7a18088a9b424d35785ffd56b352e3e2b39acf641890e21c2b4051f945063be7bfc01875d576886fbfd9acd4484270644f09325635cfa454ea0e3a3599d5879aa10d09e3fbabffc276f048bef9127d8cbea1ceb2a90539d4141518e0e4bf54233e3e5e7d8b42f10e0afcc8578f3434e0dfdff88f58953f92afde849140602f07eed2e88e3e0dd517f00f09bcf90f59953f5ae8f52228517ad30a5d3c00f6cadb52e8fb28c49b8bff220c1a73f49540222cb45eb77e5e2c36a64d2df0e743e025d9ef6f7f7be4383e3e7cbe0a6031fceb39591f8576f5f997a71d3f302e3ebcb90ad958d8a0c4d7373ffe27a97ef1485ec83fcfe2fd9d19f56ffc9327ff5dcf881dadd6fce2faed9bcf57987f892f579fdf7cb8be98ffbcbf56feffec9c2605e4dd04b50000000049454e44ae426082, 0, 17, 1);

-- --------------------------------------------------------

--
-- Tabellenstruktur für Tabelle `tbl_trainer`
--

CREATE TABLE `tbl_trainer` (
  `tr_id` int(11) NOT NULL,
  `tr_vorname` varchar(30) NOT NULL,
  `tr_nachname` varchar(30) NOT NULL
) ENGINE=InnoDB DEFAULT CHARSET=utf8;

--
-- Daten für Tabelle `tbl_trainer`
--

INSERT INTO `tbl_trainer` (`tr_id`, `tr_vorname`, `tr_nachname`) VALUES
(0, 'XXX', 'XXX'),
(1, 'Niko', 'Kovac'),
(2, 'Lucien', 'Favre'),
(3, 'Ralf', 'Rangnick'),
(4, 'Peter', 'Bosz'),
(5, 'Dieter', 'Hecking'),
(6, 'Bruno', 'Labbadia'),
(7, 'Adi', 'Hütter'),
(8, 'Florian', 'Kohfeldt'),
(9, 'Julian', 'Nagelsmann'),
(10, 'Friedhelm', 'Funkel'),
(11, 'Pal', 'Dardai'),
(12, 'Sandro', 'Schwarz'),
(13, 'Christian', 'Streich'),
(14, 'Huub', 'Stevens'),
(15, 'Martin', 'Schmidt'),
(16, 'Thomas', 'Doll'),
(17, 'Cristian', 'Fiel'),
(18, 'Nico', 'Willig');

-- --------------------------------------------------------

--
-- Tabellenstruktur für Tabelle `tbl_transfer`
--

CREATE TABLE `tbl_transfer` (
  `trf_id` int(11) NOT NULL,
  `trf_info` varchar(255) NOT NULL
) ENGINE=InnoDB DEFAULT CHARSET=utf8;

--
-- Daten für Tabelle `tbl_transfer`
--

INSERT INTO `tbl_transfer` (`trf_id`, `trf_info`) VALUES
(0, 'XXX'),
(3, 'Viel Erfolg für die neue Saison!'),
(4, 'Neymar wurde wegen Vergewaltigung festgenommen!');

-- --------------------------------------------------------

--
-- Tabellenstruktur für Tabelle `tbl_user`
--

CREATE TABLE `tbl_user` (
  `usr_id` int(11) NOT NULL,
  `usr_name` varchar(30) NOT NULL,
  `usr_passwort` varchar(30) NOT NULL,
  `usr_email` varchar(50) NOT NULL,
  `usr_bild` blob NOT NULL,
  `usr_fs_team` int(11) NOT NULL,
  `usr_fs_transfer` int(11) NOT NULL
) ENGINE=InnoDB DEFAULT CHARSET=utf8;

--
-- Daten für Tabelle `tbl_user`
--

INSERT INTO `tbl_user` (`usr_id`, `usr_name`, `usr_passwort`, `usr_email`, `usr_bild`, `usr_fs_team`, `usr_fs_transfer`) VALUES
(4, 'bratob', '1234', 'tobias_braeuer@hotmail.de', 0x89504e470d0a1a0a0000000d4948445200000113000000b70803000000068d4ac60000008a504c5445ffffff3333332f2f2f2a2a2a2626262d2d2d1f1f1f1d1d1d0f0f0f1818181515150d0d0d242424e0e0e02222221a1a1aeeeeee737373f9f9f9ececec3d3d3de2e2e2919191bcbcbca4a4a4cdcdcd363636d9d9d9686868999999565656c2c2c2b3b3b34747474f4f4f6666667d7d7d5e5e5e8b8b8badadad8383839f9f9f959595555555c9c9c97171711b4b6a1800000bd049444154789cdd9d6b97a23c0c805fda7257444540d1112fb83ae3fcffbff7eaccceae42b9a4a42deef36dcfd9332db14dd2244dfffb4f23b3c53249e3e3bad8472bc33056d1be581fe334592e663aa7a58b71121fa8e35a01a39410e30742286581e53af4102763dd9354c87253386ec04ca3099305ae536c96ba27ab80715af8768b381e0563fb45fa4faf972c36bc116917c51364e41971a67bea72986f0c9701e5f103738dcd5cf707a0937c38a202f92d16e723d1fd1198841bcb826e992ac4b236a1ee4f416271f4fb2d91bf30ffb8d0fd3908646b9f2249e40ef5d7afae6f1707a7abdded8ae91c5e79ad84531f5b225f52f1a72fab57de5177cd23d47fd7fd7142240c4bb3f260ecf52cf3bc70254ae48e5bbc9817974a5124cf987eaafb3301ccf7967489dcb1f62fb3547274fb5b87e9e4ba3fb61b9fb235c923eea7eecfedc06225cb00f3a1abc17b7089dfffb00783f803b7caef8e6289dc7106edc07dda1a446218f68095ca5ea6e7da04dbebfef41a66915aedfa088d0699110a89985742280bec89eb799e3bb10346c574b4490678549e8b7c0c61b61f4d2fc9329b876138cf96c9651af93613f95374703e6d282012e645f1b5bae667d738f2e09a89d081ad949080d336167baf4f668ddf1938aa4d86b57d662ba02e21935d9ba795ec2640a998ab2129da3dd0e258d1b6c35fdd46c0e3351d90493ec076bfe9750d7ca41e6cfdb183d4ef047082fd9c76d17ddf8705cc33b64e12bf1340ee81a60d8c8ea53ee8af7bb99c8f849181266d8ea029ab6c04da3ffe0052623390634223b8bd0c41670642f51b9f02326141c300326bb440fe4230294407d237c151de2042b13587f3171065d2c37d00ad145f6f343202281312bdc240bd8947809f2fe8731c0903c048a318ed0bc18c213ba7a79104997c5f5fa9e40eb0a07b6b3e8836273b94ef139925c0a737454dce5fde00be9ba5c9f6cc203ebdd33fb61142f2249e1ecfed08b08f01c6ef9602f42c3d220c0806a260c90a65c815407f6951b390ed6de3a42f13809a4550606096006d82e644413c374ffd950e881db672a4417380a5536f8faf93eeb3332cb4612111bdc9156dd86e409609c50b089e00b64ef54259426a915cbcd057061a57ad46798304d708e2c0a071959a9e0ce252226e1dd8e6311c95b1d92964665697fc5657b6102d4ba78823b7108242f51e661a3704254e7c7519e40b28ef4751c7066561d90575ec2640b96d738d3af61a94edc154ef8d2c21fe9ac170038131688d4e54996390863546bf5007ff050901abd3b2b01a5854b303343c37738c3a782d09b08c0077f92e8185066a8aac615ace98e03a4e194899616bf83a80e5e32e6e566e01bcf5a164f30037b46e9920ab333e6760edda0437303a86ed1d839e5187e7032d20d7ab4fb0dd682e0b58a5966ebb733b6ec9af3280f94c06ba35047a02e83e230f98137b9f136e9a3285fe260a5c5970213c6a48091854fa82a18ecf610e5527d8114050d4f30b4ff6850da87772c3469d00fc769d740f6503bf4482eab4415db61b6c83383e0fe061e74e90238e9f436ab8be917ee411b8df86aaf8c166ef2e14c4f139cc44ee0fbb881310b9f7efc8adcf017bd6776cbcc4ed55e40233f2e9a28c80d9b96d1ebc2bd19f22d775251b1eb017f9055a9a059658fa01d9932e03f722efa05943014fc040f7a4cb88a87d03cf6d136b8720f9c403f7acbf18e1e4e32e423b57767d01a4a0ec119472555041eea34ce4de4910ed1d85b27c05372e66ed180f21bd7fc7e91f6d5b0af79bf111bebc162137f69bfe0eb678332fa98e2cacfae389de8e9b90bbf60d6a054c991e323126fd3ca754e454317499187e1f95b214d664839689e18867bfc6bdfa790d582686251a199df7eb1f39649990402c0cb908fa35c21bb24c0c2214cac8a0cd6194caa4877ff21b071ecbd8f61f546aa0ad8ff6ffc687c60d3608634a91c50f22ba8ed0e0d1ddb20ac8af362b1e87bcfd25916d24f7bc033e1753cbfb8893f3d38701b2ea89f524ce73127f7816d4a1957c2e06c64f02f7f8dd806dfa9496718b6ef667f1dce83bf83a5ccfae471796e4911c3f011dd703f2ebcf36993eed3ad33fb6bb2af3e373a36feb4fbc61f68b40a42239ce0688c7d2e703cef93933439d69b359cea6cef358ee5311563a01cc446e3cb67bdcde3e949c824bc97e506f97d62d9679baf34adfec97c297e1a173705672dcbe737e87d35d6beb9494111939d1695b96cb7c7b8a9cf20b5784e3d774eec82539bfd3350fe8f0527ff3a8b2cac8cd2e59fb699ce67992e7693cdddffe5db5b7a388b7a2ae1d9d39c979c08e8eac57338b33b78337a18c057718bf7b2cf16bea39b36e470dc9f9e26e01c0fa48c97205af950856f57faed3f6917d89a74bfd49632fbd8d0373b9a8d37418e8d243507afd4987ec246bae5c0e8f806779a87f6c3ed39e3bcc47769d52bbe169f7a4e7c78eefe231a7ddb56b3f6d48af676baf7becd24b2adc50bb6db1dcfe4797a7efda7b4f49af7b6cad8f6dd9397fb84e3dbbf6904ba8ed4d3b56f2b4ee1ef905f76d271eabbbe1bb9e568e5536bf37c36c39ab53f7d2a659cb6e565047dd526f0f6c9c146e379f917def6c6f59d6bdcbbd1d7d6eb6b050614b9b2505f5f62df7328452a0e1225b5eafd765b6100a9c36bb070aee6534dfdf09e4ff28557e352e1405f7779aef7949aff7e7d2a46595dcf36af25014f60778a4a97f8292fb804df74611baf589d0d4e14fcda5ebfa230f62212c8cfa3a0c4553aabf7d8658300da3bebc5ad13df4facda347c3dea955289ea209d4b9b29263c14dd4c5ce95b5c2aceb7fa2acd9c810a7547374939b826ca64ec7299b00df1fd0d3b2f537fc66b692b3188ff0af47043adf734cb8febdafb0db3057cb3a3a1f199bf38ca1d295cbede387d34b589415ef5752da6b98535fa0559d70158aa9f635114e5f50d42bb37038976c55771aaef68f959c816ca39ab525aa5f3cabf61956e545d75189ffa96f485d5e28fa9e63a89b90fa87f1ca7dcb35abd8aa9255da3cf637a5fef69a426c7f2939d7a68ea7024bef20044a627c0d6c9f0d8f9ec79a9e17ebc0f449d7742432a56b9c233db3f8e1fc9c8bb335bd88577a7f47a0941e8f5251be9deb9a48c9fca9c8b8d550ca4e6ab0c33f94d42c31743de138339e7f1d9dafe195de7d137e13b12fa537152dd995498d94aa84460a1bca3f307dfe69349bc0f23b92b68e97f9e25276c7d719dcfaaffa429da7de9dbd944e19131db50d4f94dfa57554bf429796627e544db7e5262aef172b164a5924445dfaa29e4ae1a1a372fb5cca9161cd8fd2fea652cbecaacb919eca3150476742e58153390967ab32c9d3723d81a5f145da670ee5bce0e84385473bfb28d76032fdfaf50f9567a82991bfad17a432aabe634e95d9aa5cbb44a46feca47c6dcc30235de72d2e21a9e4363cb901da63254e4fc8a04472134ab5769e45f25293e3a852da40a89e02c306e655a190f25d4f342ed53b74846a3ee5f00849b51ed2dac9582ae35db502c724835b25776651358d4d7c7cffedc4b96849578314c98d3da77e8931e47710186f90fdc0d4eb039fbc3ad5c90e2f71bbdcf18af9ac01b96a55de79c53ac42b70f29459e1f1ca0b1d7d35a89d48b8b7aa4d07412a59e1f0aada899ff79fb65c162b6e51a4e9edfba57fb67b8f5be74f898ec7e0a17cf2fbad139b6e84fbb36da8cd2fca9d1c86ab5d1fc9b96bfc06f38b04fe09b3a4f06beae989af3df6da95f9beaeacd90cfc750e7125c27ced0775976382dd20826a1d49fdda4b3e37b1ecde975d96cb6cf9beab17c86d91684d6dc199170daf381066fbbb739ed50b6696e5e79d6fb3868bf7f6fe9516c937096bbc894c6830715871bee4db6c3c0f6777c2f938dbe69773c19c494b2736a6af72a017efed0d2c08658135713dcfb9e379eec40af88d619e30fdf36b989b2ae1b45eadf4c0740eafb76dfeb238d4d9657189786f7aab93fb93ad012d60daa14ea1ef36191e8b639dcb059788bf7ef535f243b8b1ac9e6d718d7b9762f734c0f8a238c947c77e4175306f97ebfe0874e61bc315150b9db0f8158ebf0264b1e195bb16b642984b4fff825ead659c163797bdab7d26ccf23f2eff8a5a6d62b9291c3768118c79f3fdfdb7f7ebabfaab028c93f8401df7eec9d387bc2a21e697b7ef8c8a38ff47354833b3c53249e3e3bad847f76b9fab685fac8f719a2f175a57c7ff1f6db2fdda13aea50000000049454e44ae426082, 3, 1),
(5, 'sage', '1234', 'grete@il.de', 0x89504e470d0a1a0a0000000d4948445200000113000000b70803000000068d4ac60000008a504c5445ffffff3333332f2f2f2a2a2a2626262d2d2d1f1f1f1d1d1d0f0f0f1818181515150d0d0d242424e0e0e02222221a1a1aeeeeee737373f9f9f9ececec3d3d3de2e2e2919191bcbcbca4a4a4cdcdcd363636d9d9d9686868999999565656c2c2c2b3b3b34747474f4f4f6666667d7d7d5e5e5e8b8b8badadad8383839f9f9f959595555555c9c9c97171711b4b6a1800000bd049444154789cdd9d6b97a23c0c805fda7257444540d1112fb83ae3fcffbff7eaccceae42b9a4a42deef36dcfd9332db14dd2244dfffb4f23b3c53249e3e3bad8472bc33056d1be581fe334592e663aa7a58b71121fa8e35a01a39410e30742286581e53af4102763dd9354c87253386ec04ca3099305ae536c96ba27ab80715af8768b381e0563fb45fa4faf972c36bc116917c51364e41971a67bea72986f0c9701e5f103738dcd5cf707a0937c38a202f92d16e723d1fd1198841bcb826e992ac4b236a1ee4f416271f4fb2d91bf30ffb8d0fd3908646b9f2249e40ef5d7afae6f1707a7abdded8ae91c5e79ad84531f5b225f52f1a72fab57de5177cd23d47fd7fd7142240c4bb3f260ecf52cf3bc70254ae48e5bbc9817974a5124cf987eaafb3301ccf7967489dcb1f62fb3547274fb5b87e9e4ba3fb61b9fb235c923eea7eecfedc06225cb00f3a1abc17b7089dfffb00783f803b7caef8e6289dc7106edc07dda1a446218f68095ca5ea6e7da04dbebfef41a66915aedfa088d0699110a89985742280bec89eb799e3bb10346c574b4490678549e8b7c0c61b61f4d2fc9329b876138cf96c9651af93613f95374703e6d282012e645f1b5bae667d738f2e09a89d081ad949080d336167baf4f668ddf1938aa4d86b57d662ba02e21935d9ba795ec2640a998ab2129da3dd0e258d1b6c35fdd46c0e3351d90493ec076bfe9750d7ca41e6cfdb183d4ef047082fd9c76d17ddf8705cc33b64e12bf1340ee81a60d8c8ea53ee8af7bb99c8f849181266d8ea029ab6c04da3ffe0052623390634223b8bd0c41670642f51b9f02326141c300326bb440fe4230294407d237c151de2042b13587f3171065d2c37d00ad145f6f343202281312bdc240bd8947809f2fe8731c0903c048a318ed0bc18c213ba7a79104997c5f5fa9e40eb0a07b6b3e8836273b94ef139925c0a737454dce5fde00be9ba5c9f6cc203ebdd33fb61142f2249e1ecfed08b08f01c6ef9602f42c3d220c0806a260c90a65c815407f6951b390ed6de3a42f13809a4550606096006d82e644413c374ffd950e881db672a4417380a5536f8faf93eeb3332cb4612111bdc9156dd86e409609c50b089e00b64ef54259426a915cbcd057061a57ad46798304d708e2c0a071959a9e0ce252226e1dd8e6311c95b1d92964665697fc5657b6102d4ba78823b7108242f51e661a3704254e7c7519e40b28ef4751c7066561d90575ec2640b96d738d3af61a94edc154ef8d2c21fe9ac170038131688d4e54996390863546bf5007ff050901abd3b2b01a5854b303343c37738c3a782d09b08c0077f92e8185066a8aac615ace98e03a4e194899616bf83a80e5e32e6e566e01bcf5a164f30037b46e9920ab333e6760edda0437303a86ed1d839e5187e7032d20d7ab4fb0dd682e0b58a5966ebb733b6ec9af3280f94c06ba35047a02e83e230f98137b9f136e9a3285fe260a5c5970213c6a48091854fa82a18ecf610e5527d8114050d4f30b4ff6850da87772c3469d00fc769d740f6503bf4482eab4415db61b6c83383e0fe061e74e90238e9f436ab8be917ee411b8df86aaf8c166ef2e14c4f139cc44ee0fbb881310b9f7efc8adcf017bd6776cbcc4ed55e40233f2e9a28c80d9b96d1ebc2bd19f22d775251b1eb017f9055a9a059658fa01d9932e03f722efa05943014fc040f7a4cb88a87d03cf6d136b8720f9c403f7acbf18e1e4e32e423b57767d01a4a0ec119472555041eea34ce4de4910ed1d85b27c05372e66ed180f21bd7fc7e91f6d5b0af79bf111bebc162137f69bfe0eb678332fa98e2cacfae389de8e9b90bbf60d6a054c991e323126fd3ca754e454317499187e1f95b214d664839689e18867bfc6bdfa790d582686251a199df7eb1f39649990402c0cb908fa35c21bb24c0c2214cac8a0cd6194caa4877ff21b071ecbd8f61f546aa0ad8ff6ffc687c60d3608634a91c50f22ba8ed0e0d1ddb20ac8af362b1e87bcfd25916d24f7bc033e1753cbfb8893f3d38701b2ea89f524ce73127f7816d4a1957c2e06c64f02f7f8dd806dfa9496718b6ef667f1dce83bf83a5ccfae471796e4911c3f011dd703f2ebcf36993eed3ad33fb6bb2af3e373a36feb4fbc61f68b40a42239ce0688c7d2e703cef93933439d69b359cea6cef358ee5311563a01cc446e3cb67bdcde3e949c824bc97e506f97d62d9679baf34adfec97c297e1a173705672dcbe737e87d35d6beb9494111939d1695b96cb7c7b8a9cf20b5784e3d774eec82539bfd3350fe8f0527ff3a8b2cac8cd2e59fb699ce67992e7693cdddffe5db5b7a388b7a2ae1d9d39c979c08e8eac57338b33b78337a18c057718bf7b2cf16bea39b36e470dc9f9e26e01c0fa48c97205af950856f57faed3f6917d89a74bfd49632fbd8d0373b9a8d37418e8d243507afd4987ec246bae5c0e8f806779a87f6c3ed39e3bcc47769d52bbe169f7a4e7c78eefe231a7ddb56b3f6d48af676baf7becd24b2adc50bb6db1dcfe4797a7efda7b4f49af7b6cad8f6dd9397fb84e3dbbf6904ba8ed4d3b56f2b4ee1ef905f76d271eabbbe1bb9e568e5536bf37c36c39ab53f7d2a659cb6e565047dd526f0f6c9c146e379f917def6c6f59d6bdcbbd1d7d6eb6b050614b9b2505f5f62df7328452a0e1225b5eafd765b6100a9c36bb070aee6534dfdf09e4ff28557e352e1405f7779aef7949aff7e7d2a46595dcf36af25014f60778a4a97f8292fb804df74611baf589d0d4e14fcda5ebfa230f62212c8cfa3a0c4553aabf7d8658300da3bebc5ad13df4facda347c3dea955289ea209d4b9b29263c14dd4c5ce95b5c2aceb7fa2acd9c810a7547374939b826ca64ec7299b00df1fd0d3b2f537fc66b692b3188ff0af47043adf734cb8febdafb0db3057cb3a3a1f199bf38ca1d295cbede387d34b589415ef5752da6b98535fa0559d70158aa9f635114e5f50d42bb37038976c55771aaef68f959c816ca39ab525aa5f3cabf61956e545d75189ffa96f485d5e28fa9e63a89b90fa87f1ca7dcb35abd8aa9255da3cf637a5fef69a426c7f2939d7a68ea7024bef20044a627c0d6c9f0d8f9ec79a9e17ebc0f449d7742432a56b9c233db3f8e1fc9c8bb335bd88577a7f47a0941e8f5251be9deb9a48c9fca9c8b8d550ca4e6ab0c33f94d42c31743de138339e7f1d9dafe195de7d137e13b12fa537152dd995498d94aa84460a1bca3f307dfe69349bc0f23b92b68e97f9e25276c7d719dcfaaffa429da7de9dbd944e19131db50d4f94dfa57554bf429796627e544db7e5262aef172b164a5924445dfaa29e4ae1a1a372fb5cca9161cd8fd2fea652cbecaacb919eca3150476742e58153390967ab32c9d3723d81a5f145da670ee5bce0e84385473bfb28d76032fdfaf50f9567a82991bfad17a432aabe634e95d9aa5cbb44a46feca47c6dcc30235de72d2e21a9e4363cb901da63254e4fc8a04472134ab5769e45f25293e3a852da40a89e02c306e655a190f25d4f342ed53b74846a3ee5f00849b51ed2dac9582ae35db502c724835b25776651358d4d7c7cffedc4b96849578314c98d3da77e8931e47710186f90fdc0d4eb039fbc3ad5c90e2f71bbdcf18af9ac01b96a55de79c53ac42b70f29459e1f1ca0b1d7d35a89d48b8b7aa4d07412a59e1f0aada899ff79fb65c162b6e51a4e9edfba57fb67b8f5be74f898ec7e0a17cf2fbad139b6e84fbb36da8cd2fca9d1c86ab5d1fc9b96bfc06f38b04fe09b3a4f06beae989af3df6da95f9beaeacd90cfc750e7125c27ced0775976382dd20826a1d49fdda4b3e37b1ecde975d96cb6cf9beab17c86d91684d6dc199170daf381066fbbb739ed50b6696e5e79d6fb3868bf7f6fe9516c937096bbc894c6830715871bee4db6c3c0f6777c2f938dbe69773c19c494b2736a6af72a017efed0d2c08658135713dcfb9e379eec40af88d619e30fdf36b989b2ae1b45eadf4c0740eafb76dfeb238d4d9657189786f7aab93fb93ad012d60daa14ea1ef36191e8b639dcb059788bf7ef535f243b8b1ac9e6d718d7b9762f734c0f8a238c947c77e4175306f97ebfe0874e61bc315150b9db0f8158ebf0264b1e195bb16b642984b4fff825ead659c163797bdab7d26ccf23f2eff8a5a6d62b9291c3768118c79f3fdfdb7f7ebabfaab028c93f8401df7eec9d387bc2a21e697b7ef8c8a38ff47354833b3c53249e3e3bad847f76b9fab685fac8f719a2f175a57c7ff1f6db2fdda13aea50000000049454e44ae426082, 3, 1),
(6, 'benny', '651120', 'mol@fie.org', 0x89504e470d0a1a0a0000000d4948445200000113000000b70803000000068d4ac60000008a504c5445ffffff3333332f2f2f2a2a2a2626262d2d2d1f1f1f1d1d1d0f0f0f1818181515150d0d0d242424e0e0e02222221a1a1aeeeeee737373f9f9f9ececec3d3d3de2e2e2919191bcbcbca4a4a4cdcdcd363636d9d9d9686868999999565656c2c2c2b3b3b34747474f4f4f6666667d7d7d5e5e5e8b8b8badadad8383839f9f9f959595555555c9c9c97171711b4b6a1800000bd049444154789cdd9d6b97a23c0c805fda7257444540d1112fb83ae3fcffbff7eaccceae42b9a4a42deef36dcfd9332db14dd2244dfffb4f23b3c53249e3e3bad8472bc33056d1be581fe334592e663aa7a58b71121fa8e35a01a39410e30742286581e53af4102763dd9354c87253386ec04ca3099305ae536c96ba27ab80715af8768b381e0563fb45fa4faf972c36bc116917c51364e41971a67bea72986f0c9701e5f103738dcd5cf707a0937c38a202f92d16e723d1fd1198841bcb826e992ac4b236a1ee4f416271f4fb2d91bf30ffb8d0fd3908646b9f2249e40ef5d7afae6f1707a7abdded8ae91c5e79ad84531f5b225f52f1a72fab57de5177cd23d47fd7fd7142240c4bb3f260ecf52cf3bc70254ae48e5bbc9817974a5124cf987eaafb3301ccf7967489dcb1f62fb3547274fb5b87e9e4ba3fb61b9fb235c923eea7eecfedc06225cb00f3a1abc17b7089dfffb00783f803b7caef8e6289dc7106edc07dda1a446218f68095ca5ea6e7da04dbebfef41a66915aedfa088d0699110a89985742280bec89eb799e3bb10346c574b4490678549e8b7c0c61b61f4d2fc9329b876138cf96c9651af93613f95374703e6d282012e645f1b5bae667d738f2e09a89d081ad949080d336167baf4f668ddf1938aa4d86b57d662ba02e21935d9ba795ec2640a998ab2129da3dd0e258d1b6c35fdd46c0e3351d90493ec076bfe9750d7ca41e6cfdb183d4ef047082fd9c76d17ddf8705cc33b64e12bf1340ee81a60d8c8ea53ee8af7bb99c8f849181266d8ea029ab6c04da3ffe0052623390634223b8bd0c41670642f51b9f02326141c300326bb440fe4230294407d237c151de2042b13587f3171065d2c37d00ad145f6f343202281312bdc240bd8947809f2fe8731c0903c048a318ed0bc18c213ba7a79104997c5f5fa9e40eb0a07b6b3e8836273b94ef139925c0a737454dce5fde00be9ba5c9f6cc203ebdd33fb61142f2249e1ecfed08b08f01c6ef9602f42c3d220c0806a260c90a65c815407f6951b390ed6de3a42f13809a4550606096006d82e644413c374ffd950e881db672a4417380a5536f8faf93eeb3332cb4612111bdc9156dd86e409609c50b089e00b64ef54259426a915cbcd057061a57ad46798304d708e2c0a071959a9e0ce252226e1dd8e6311c95b1d92964665697fc5657b6102d4ba78823b7108242f51e661a3704254e7c7519e40b28ef4751c7066561d90575ec2640b96d738d3af61a94edc154ef8d2c21fe9ac170038131688d4e54996390863546bf5007ff050901abd3b2b01a5854b303343c37738c3a782d09b08c0077f92e8185066a8aac615ace98e03a4e194899616bf83a80e5e32e6e566e01bcf5a164f30037b46e9920ab333e6760edda0437303a86ed1d839e5187e7032d20d7ab4fb0dd682e0b58a5966ebb733b6ec9af3280f94c06ba35047a02e83e230f98137b9f136e9a3285fe260a5c5970213c6a48091854fa82a18ecf610e5527d8114050d4f30b4ff6850da87772c3469d00fc769d740f6503bf4482eab4415db61b6c83383e0fe061e74e90238e9f436ab8be917ee411b8df86aaf8c166ef2e14c4f139cc44ee0fbb881310b9f7efc8adcf017bd6776cbcc4ed55e40233f2e9a28c80d9b96d1ebc2bd19f22d775251b1eb017f9055a9a059658fa01d9932e03f722efa05943014fc040f7a4cb88a87d03cf6d136b8720f9c403f7acbf18e1e4e32e423b57767d01a4a0ec119472555041eea34ce4de4910ed1d85b27c05372e66ed180f21bd7fc7e91f6d5b0af79bf111bebc162137f69bfe0eb678332fa98e2cacfae389de8e9b90bbf60d6a054c991e323126fd3ca754e454317499187e1f95b214d664839689e18867bfc6bdfa790d582686251a199df7eb1f39649990402c0cb908fa35c21bb24c0c2214cac8a0cd6194caa4877ff21b071ecbd8f61f546aa0ad8ff6ffc687c60d3608634a91c50f22ba8ed0e0d1ddb20ac8af362b1e87bcfd25916d24f7bc033e1753cbfb8893f3d38701b2ea89f524ce73127f7816d4a1957c2e06c64f02f7f8dd806dfa9496718b6ef667f1dce83bf83a5ccfae471796e4911c3f011dd703f2ebcf36993eed3ad33fb6bb2af3e373a36feb4fbc61f68b40a42239ce0688c7d2e703cef93933439d69b359cea6cef358ee5311563a01cc446e3cb67bdcde3e949c824bc97e506f97d62d9679baf34adfec97c297e1a173705672dcbe737e87d35d6beb9494111939d1695b96cb7c7b8a9cf20b5784e3d774eec82539bfd3350fe8f0527ff3a8b2cac8cd2e59fb699ce67992e7693cdddffe5db5b7a388b7a2ae1d9d39c979c08e8eac57338b33b78337a18c057718bf7b2cf16bea39b36e470dc9f9e26e01c0fa48c97205af950856f57faed3f6917d89a74bfd49632fbd8d0373b9a8d37418e8d243507afd4987ec246bae5c0e8f806779a87f6c3ed39e3bcc47769d52bbe169f7a4e7c78eefe231a7ddb56b3f6d48af676baf7becd24b2adc50bb6db1dcfe4797a7efda7b4f49af7b6cad8f6dd9397fb84e3dbbf6904ba8ed4d3b56f2b4ee1ef905f76d271eabbbe1bb9e568e5536bf37c36c39ab53f7d2a659cb6e565047dd526f0f6c9c146e379f917def6c6f59d6bdcbbd1d7d6eb6b050614b9b2505f5f62df7328452a0e1225b5eafd765b6100a9c36bb070aee6534dfdf09e4ff28557e352e1405f7779aef7949aff7e7d2a46595dcf36af25014f60778a4a97f8292fb804df74611baf589d0d4e14fcda5ebfa230f62212c8cfa3a0c4553aabf7d8658300da3bebc5ad13df4facda347c3dea955289ea209d4b9b29263c14dd4c5ce95b5c2aceb7fa2acd9c810a7547374939b826ca64ec7299b00df1fd0d3b2f537fc66b692b3188ff0af47043adf734cb8febdafb0db3057cb3a3a1f199bf38ca1d295cbede387d34b589415ef5752da6b98535fa0559d70158aa9f635114e5f50d42bb37038976c55771aaef68f959c816ca39ab525aa5f3cabf61956e545d75189ffa96f485d5e28fa9e63a89b90fa87f1ca7dcb35abd8aa9255da3cf637a5fef69a426c7f2939d7a68ea7024bef20044a627c0d6c9f0d8f9ec79a9e17ebc0f449d7742432a56b9c233db3f8e1fc9c8bb335bd88577a7f47a0941e8f5251be9deb9a48c9fca9c8b8d550ca4e6ab0c33f94d42c31743de138339e7f1d9dafe195de7d137e13b12fa537152dd995498d94aa84460a1bca3f307dfe69349bc0f23b92b68e97f9e25276c7d719dcfaaffa429da7de9dbd944e19131db50d4f94dfa57554bf429796627e544db7e5262aef172b164a5924445dfaa29e4ae1a1a372fb5cca9161cd8fd2fea652cbecaacb919eca3150476742e58153390967ab32c9d3723d81a5f145da670ee5bce0e84385473bfb28d76032fdfaf50f9567a82991bfad17a432aabe634e95d9aa5cbb44a46feca47c6dcc30235de72d2e21a9e4363cb901da63254e4fc8a04472134ab5769e45f25293e3a852da40a89e02c306e655a190f25d4f342ed53b74846a3ee5f00849b51ed2dac9582ae35db502c724835b25776651358d4d7c7cffedc4b96849578314c98d3da77e8931e47710186f90fdc0d4eb039fbc3ad5c90e2f71bbdcf18af9ac01b96a55de79c53ac42b70f29459e1f1ca0b1d7d35a89d48b8b7aa4d07412a59e1f0aada899ff79fb65c162b6e51a4e9edfba57fb67b8f5be74f898ec7e0a17cf2fbad139b6e84fbb36da8cd2fca9d1c86ab5d1fc9b96bfc06f38b04fe09b3a4f06beae989af3df6da95f9beaeacd90cfc750e7125c27ced0775976382dd20826a1d49fdda4b3e37b1ecde975d96cb6cf9beab17c86d91684d6dc199170daf381066fbbb739ed50b6696e5e79d6fb3868bf7f6fe9516c937096bbc894c6830715871bee4db6c3c0f6777c2f938dbe69773c19c494b2736a6af72a017efed0d2c08658135713dcfb9e379eec40af88d619e30fdf36b989b2ae1b45eadf4c0740eafb76dfeb238d4d9657189786f7aab93fb93ad012d60daa14ea1ef36191e8b639dcb059788bf7ef535f243b8b1ac9e6d718d7b9762f734c0f8a238c947c77e4175306f97ebfe0874e61bc315150b9db0f8158ebf0264b1e195bb16b642984b4fff825ead659c163797bdab7d26ccf23f2eff8a5a6d62b9291c3768118c79f3fdfdb7f7ebabfaab028c93f8401df7eec9d387bc2a21e697b7ef8c8a38ff47354833b3c53249e3e3bad847f76b9fab685fac8f719a2f175a57c7ff1f6db2fdda13aea50000000049454e44ae426082, 3, 1),
(7, 'else', '61273', 'else@gmail.com', 0x89504e470d0a1a0a0000000d4948445200000113000000b70803000000068d4ac60000008a504c5445ffffff3333332f2f2f2a2a2a2626262d2d2d1f1f1f1d1d1d0f0f0f1818181515150d0d0d242424e0e0e02222221a1a1aeeeeee737373f9f9f9ececec3d3d3de2e2e2919191bcbcbca4a4a4cdcdcd363636d9d9d9686868999999565656c2c2c2b3b3b34747474f4f4f6666667d7d7d5e5e5e8b8b8badadad8383839f9f9f959595555555c9c9c97171711b4b6a1800000bd049444154789cdd9d6b97a23c0c805fda7257444540d1112fb83ae3fcffbff7eaccceae42b9a4a42deef36dcfd9332db14dd2244dfffb4f23b3c53249e3e3bad8472bc33056d1be581fe334592e663aa7a58b71121fa8e35a01a39410e30742286581e53af4102763dd9354c87253386ec04ca3099305ae536c96ba27ab80715af8768b381e0563fb45fa4faf972c36bc116917c51364e41971a67bea72986f0c9701e5f103738dcd5cf707a0937c38a202f92d16e723d1fd1198841bcb826e992ac4b236a1ee4f416271f4fb2d91bf30ffb8d0fd3908646b9f2249e40ef5d7afae6f1707a7abdded8ae91c5e79ad84531f5b225f52f1a72fab57de5177cd23d47fd7fd7142240c4bb3f260ecf52cf3bc70254ae48e5bbc9817974a5124cf987eaafb3301ccf7967489dcb1f62fb3547274fb5b87e9e4ba3fb61b9fb235c923eea7eecfedc06225cb00f3a1abc17b7089dfffb00783f803b7caef8e6289dc7106edc07dda1a446218f68095ca5ea6e7da04dbebfef41a66915aedfa088d0699110a89985742280bec89eb799e3bb10346c574b4490678549e8b7c0c61b61f4d2fc9329b876138cf96c9651af93613f95374703e6d282012e645f1b5bae667d738f2e09a89d081ad949080d336167baf4f668ddf1938aa4d86b57d662ba02e21935d9ba795ec2640a998ab2129da3dd0e258d1b6c35fdd46c0e3351d90493ec076bfe9750d7ca41e6cfdb183d4ef047082fd9c76d17ddf8705cc33b64e12bf1340ee81a60d8c8ea53ee8af7bb99c8f849181266d8ea029ab6c04da3ffe0052623390634223b8bd0c41670642f51b9f02326141c300326bb440fe4230294407d237c151de2042b13587f3171065d2c37d00ad145f6f343202281312bdc240bd8947809f2fe8731c0903c048a318ed0bc18c213ba7a79104997c5f5fa9e40eb0a07b6b3e8836273b94ef139925c0a737454dce5fde00be9ba5c9f6cc203ebdd33fb61142f2249e1ecfed08b08f01c6ef9602f42c3d220c0806a260c90a65c815407f6951b390ed6de3a42f13809a4550606096006d82e644413c374ffd950e881db672a4417380a5536f8faf93eeb3332cb4612111bdc9156dd86e409609c50b089e00b64ef54259426a915cbcd057061a57ad46798304d708e2c0a071959a9e0ce252226e1dd8e6311c95b1d92964665697fc5657b6102d4ba78823b7108242f51e661a3704254e7c7519e40b28ef4751c7066561d90575ec2640b96d738d3af61a94edc154ef8d2c21fe9ac170038131688d4e54996390863546bf5007ff050901abd3b2b01a5854b303343c37738c3a782d09b08c0077f92e8185066a8aac615ace98e03a4e194899616bf83a80e5e32e6e566e01bcf5a164f30037b46e9920ab333e6760edda0437303a86ed1d839e5187e7032d20d7ab4fb0dd682e0b58a5966ebb733b6ec9af3280f94c06ba35047a02e83e230f98137b9f136e9a3285fe260a5c5970213c6a48091854fa82a18ecf610e5527d8114050d4f30b4ff6850da87772c3469d00fc769d740f6503bf4482eab4415db61b6c83383e0fe061e74e90238e9f436ab8be917ee411b8df86aaf8c166ef2e14c4f139cc44ee0fbb881310b9f7efc8adcf017bd6776cbcc4ed55e40233f2e9a28c80d9b96d1ebc2bd19f22d775251b1eb017f9055a9a059658fa01d9932e03f722efa05943014fc040f7a4cb88a87d03cf6d136b8720f9c403f7acbf18e1e4e32e423b57767d01a4a0ec119472555041eea34ce4de4910ed1d85b27c05372e66ed180f21bd7fc7e91f6d5b0af79bf111bebc162137f69bfe0eb678332fa98e2cacfae389de8e9b90bbf60d6a054c991e323126fd3ca754e454317499187e1f95b214d664839689e18867bfc6bdfa790d582686251a199df7eb1f39649990402c0cb908fa35c21bb24c0c2214cac8a0cd6194caa4877ff21b071ecbd8f61f546aa0ad8ff6ffc687c60d3608634a91c50f22ba8ed0e0d1ddb20ac8af362b1e87bcfd25916d24f7bc033e1753cbfb8893f3d38701b2ea89f524ce73127f7816d4a1957c2e06c64f02f7f8dd806dfa9496718b6ef667f1dce83bf83a5ccfae471796e4911c3f011dd703f2ebcf36993eed3ad33fb6bb2af3e373a36feb4fbc61f68b40a42239ce0688c7d2e703cef93933439d69b359cea6cef358ee5311563a01cc446e3cb67bdcde3e949c824bc97e506f97d62d9679baf34adfec97c297e1a173705672dcbe737e87d35d6beb9494111939d1695b96cb7c7b8a9cf20b5784e3d774eec82539bfd3350fe8f0527ff3a8b2cac8cd2e59fb699ce67992e7693cdddffe5db5b7a388b7a2ae1d9d39c979c08e8eac57338b33b78337a18c057718bf7b2cf16bea39b36e470dc9f9e26e01c0fa48c97205af950856f57faed3f6917d89a74bfd49632fbd8d0373b9a8d37418e8d243507afd4987ec246bae5c0e8f806779a87f6c3ed39e3bcc47769d52bbe169f7a4e7c78eefe231a7ddb56b3f6d48af676baf7becd24b2adc50bb6db1dcfe4797a7efda7b4f49af7b6cad8f6dd9397fb84e3dbbf6904ba8ed4d3b56f2b4ee1ef905f76d271eabbbe1bb9e568e5536bf37c36c39ab53f7d2a659cb6e565047dd526f0f6c9c146e379f917def6c6f59d6bdcbbd1d7d6eb6b050614b9b2505f5f62df7328452a0e1225b5eafd765b6100a9c36bb070aee6534dfdf09e4ff28557e352e1405f7779aef7949aff7e7d2a46595dcf36af25014f60778a4a97f8292fb804df74611baf589d0d4e14fcda5ebfa230f62212c8cfa3a0c4553aabf7d8658300da3bebc5ad13df4facda347c3dea955289ea209d4b9b29263c14dd4c5ce95b5c2aceb7fa2acd9c810a7547374939b826ca64ec7299b00df1fd0d3b2f537fc66b692b3188ff0af47043adf734cb8febdafb0db3057cb3a3a1f199bf38ca1d295cbede387d34b589415ef5752da6b98535fa0559d70158aa9f635114e5f50d42bb37038976c55771aaef68f959c816ca39ab525aa5f3cabf61956e545d75189ffa96f485d5e28fa9e63a89b90fa87f1ca7dcb35abd8aa9255da3cf637a5fef69a426c7f2939d7a68ea7024bef20044a627c0d6c9f0d8f9ec79a9e17ebc0f449d7742432a56b9c233db3f8e1fc9c8bb335bd88577a7f47a0941e8f5251be9deb9a48c9fca9c8b8d550ca4e6ab0c33f94d42c31743de138339e7f1d9dafe195de7d137e13b12fa537152dd995498d94aa84460a1bca3f307dfe69349bc0f23b92b68e97f9e25276c7d719dcfaaffa429da7de9dbd944e19131db50d4f94dfa57554bf429796627e544db7e5262aef172b164a5924445dfaa29e4ae1a1a372fb5cca9161cd8fd2fea652cbecaacb919eca3150476742e58153390967ab32c9d3723d81a5f145da670ee5bce0e84385473bfb28d76032fdfaf50f9567a82991bfad17a432aabe634e95d9aa5cbb44a46feca47c6dcc30235de72d2e21a9e4363cb901da63254e4fc8a04472134ab5769e45f25293e3a852da40a89e02c306e655a190f25d4f342ed53b74846a3ee5f00849b51ed2dac9582ae35db502c724835b25776651358d4d7c7cffedc4b96849578314c98d3da77e8931e47710186f90fdc0d4eb039fbc3ad5c90e2f71bbdcf18af9ac01b96a55de79c53ac42b70f29459e1f1ca0b1d7d35a89d48b8b7aa4d07412a59e1f0aada899ff79fb65c162b6e51a4e9edfba57fb67b8f5be74f898ec7e0a17cf2fbad139b6e84fbb36da8cd2fca9d1c86ab5d1fc9b96bfc06f38b04fe09b3a4f06beae989af3df6da95f9beaeacd90cfc750e7125c27ced0775976382dd20826a1d49fdda4b3e37b1ecde975d96cb6cf9beab17c86d91684d6dc199170daf381066fbbb739ed50b6696e5e79d6fb3868bf7f6fe9516c937096bbc894c6830715871bee4db6c3c0f6777c2f938dbe69773c19c494b2736a6af72a017efed0d2c08658135713dcfb9e379eec40af88d619e30fdf36b989b2ae1b45eadf4c0740eafb76dfeb238d4d9657189786f7aab93fb93ad012d60daa14ea1ef36191e8b639dcb059788bf7ef535f243b8b1ac9e6d718d7b9762f734c0f8a238c947c77e4175306f97ebfe0874e61bc315150b9db0f8158ebf0264b1e195bb16b642984b4fff825ead659c163797bdab7d26ccf23f2eff8a5a6d62b9291c3768118c79f3fdfdb7f7ebabfaab028c93f8401df7eec9d387bc2a21e697b7ef8c8a38ff47354833b3c53249e3e3bad847f76b9fab685fac8f719a2f175a57c7ff1f6db2fdda13aea50000000049454e44ae426082, 3, 1),
(8, 'wera', '1234', 'wer@', 0x89504e470d0a1a0a0000000d4948445200000113000000b70803000000068d4ac60000008a504c5445ffffff3333332f2f2f2a2a2a2626262d2d2d1f1f1f1d1d1d0f0f0f1818181515150d0d0d242424e0e0e02222221a1a1aeeeeee737373f9f9f9ececec3d3d3de2e2e2919191bcbcbca4a4a4cdcdcd363636d9d9d9686868999999565656c2c2c2b3b3b34747474f4f4f6666667d7d7d5e5e5e8b8b8badadad8383839f9f9f959595555555c9c9c97171711b4b6a1800000bd049444154789cdd9d6b97a23c0c805fda7257444540d1112fb83ae3fcffbff7eaccceae42b9a4a42deef36dcfd9332db14dd2244dfffb4f23b3c53249e3e3bad8472bc33056d1be581fe334592e663aa7a58b71121fa8e35a01a39410e30742286581e53af4102763dd9354c87253386ec04ca3099305ae536c96ba27ab80715af8768b381e0563fb45fa4faf972c36bc116917c51364e41971a67bea72986f0c9701e5f103738dcd5cf707a0937c38a202f92d16e723d1fd1198841bcb826e992ac4b236a1ee4f416271f4fb2d91bf30ffb8d0fd3908646b9f2249e40ef5d7afae6f1707a7abdded8ae91c5e79ad84531f5b225f52f1a72fab57de5177cd23d47fd7fd7142240c4bb3f260ecf52cf3bc70254ae48e5bbc9817974a5124cf987eaafb3301ccf7967489dcb1f62fb3547274fb5b87e9e4ba3fb61b9fb235c923eea7eecfedc06225cb00f3a1abc17b7089dfffb00783f803b7caef8e6289dc7106edc07dda1a446218f68095ca5ea6e7da04dbebfef41a66915aedfa088d0699110a89985742280bec89eb799e3bb10346c574b4490678549e8b7c0c61b61f4d2fc9329b876138cf96c9651af93613f95374703e6d282012e645f1b5bae667d738f2e09a89d081ad949080d336167baf4f668ddf1938aa4d86b57d662ba02e21935d9ba795ec2640a998ab2129da3dd0e258d1b6c35fdd46c0e3351d90493ec076bfe9750d7ca41e6cfdb183d4ef047082fd9c76d17ddf8705cc33b64e12bf1340ee81a60d8c8ea53ee8af7bb99c8f849181266d8ea029ab6c04da3ffe0052623390634223b8bd0c41670642f51b9f02326141c300326bb440fe4230294407d237c151de2042b13587f3171065d2c37d00ad145f6f343202281312bdc240bd8947809f2fe8731c0903c048a318ed0bc18c213ba7a79104997c5f5fa9e40eb0a07b6b3e8836273b94ef139925c0a737454dce5fde00be9ba5c9f6cc203ebdd33fb61142f2249e1ecfed08b08f01c6ef9602f42c3d220c0806a260c90a65c815407f6951b390ed6de3a42f13809a4550606096006d82e644413c374ffd950e881db672a4417380a5536f8faf93eeb3332cb4612111bdc9156dd86e409609c50b089e00b64ef54259426a915cbcd057061a57ad46798304d708e2c0a071959a9e0ce252226e1dd8e6311c95b1d92964665697fc5657b6102d4ba78823b7108242f51e661a3704254e7c7519e40b28ef4751c7066561d90575ec2640b96d738d3af61a94edc154ef8d2c21fe9ac170038131688d4e54996390863546bf5007ff050901abd3b2b01a5854b303343c37738c3a782d09b08c0077f92e8185066a8aac615ace98e03a4e194899616bf83a80e5e32e6e566e01bcf5a164f30037b46e9920ab333e6760edda0437303a86ed1d839e5187e7032d20d7ab4fb0dd682e0b58a5966ebb733b6ec9af3280f94c06ba35047a02e83e230f98137b9f136e9a3285fe260a5c5970213c6a48091854fa82a18ecf610e5527d8114050d4f30b4ff6850da87772c3469d00fc769d740f6503bf4482eab4415db61b6c83383e0fe061e74e90238e9f436ab8be917ee411b8df86aaf8c166ef2e14c4f139cc44ee0fbb881310b9f7efc8adcf017bd6776cbcc4ed55e40233f2e9a28c80d9b96d1ebc2bd19f22d775251b1eb017f9055a9a059658fa01d9932e03f722efa05943014fc040f7a4cb88a87d03cf6d136b8720f9c403f7acbf18e1e4e32e423b57767d01a4a0ec119472555041eea34ce4de4910ed1d85b27c05372e66ed180f21bd7fc7e91f6d5b0af79bf111bebc162137f69bfe0eb678332fa98e2cacfae389de8e9b90bbf60d6a054c991e323126fd3ca754e454317499187e1f95b214d664839689e18867bfc6bdfa790d582686251a199df7eb1f39649990402c0cb908fa35c21bb24c0c2214cac8a0cd6194caa4877ff21b071ecbd8f61f546aa0ad8ff6ffc687c60d3608634a91c50f22ba8ed0e0d1ddb20ac8af362b1e87bcfd25916d24f7bc033e1753cbfb8893f3d38701b2ea89f524ce73127f7816d4a1957c2e06c64f02f7f8dd806dfa9496718b6ef667f1dce83bf83a5ccfae471796e4911c3f011dd703f2ebcf36993eed3ad33fb6bb2af3e373a36feb4fbc61f68b40a42239ce0688c7d2e703cef93933439d69b359cea6cef358ee5311563a01cc446e3cb67bdcde3e949c824bc97e506f97d62d9679baf34adfec97c297e1a173705672dcbe737e87d35d6beb9494111939d1695b96cb7c7b8a9cf20b5784e3d774eec82539bfd3350fe8f0527ff3a8b2cac8cd2e59fb699ce67992e7693cdddffe5db5b7a388b7a2ae1d9d39c979c08e8eac57338b33b78337a18c057718bf7b2cf16bea39b36e470dc9f9e26e01c0fa48c97205af950856f57faed3f6917d89a74bfd49632fbd8d0373b9a8d37418e8d243507afd4987ec246bae5c0e8f806779a87f6c3ed39e3bcc47769d52bbe169f7a4e7c78eefe231a7ddb56b3f6d48af676baf7becd24b2adc50bb6db1dcfe4797a7efda7b4f49af7b6cad8f6dd9397fb84e3dbbf6904ba8ed4d3b56f2b4ee1ef905f76d271eabbbe1bb9e568e5536bf37c36c39ab53f7d2a659cb6e565047dd526f0f6c9c146e379f917def6c6f59d6bdcbbd1d7d6eb6b050614b9b2505f5f62df7328452a0e1225b5eafd765b6100a9c36bb070aee6534dfdf09e4ff28557e352e1405f7779aef7949aff7e7d2a46595dcf36af25014f60778a4a97f8292fb804df74611baf589d0d4e14fcda5ebfa230f62212c8cfa3a0c4553aabf7d8658300da3bebc5ad13df4facda347c3dea955289ea209d4b9b29263c14dd4c5ce95b5c2aceb7fa2acd9c810a7547374939b826ca64ec7299b00df1fd0d3b2f537fc66b692b3188ff0af47043adf734cb8febdafb0db3057cb3a3a1f199bf38ca1d295cbede387d34b589415ef5752da6b98535fa0559d70158aa9f635114e5f50d42bb37038976c55771aaef68f959c816ca39ab525aa5f3cabf61956e545d75189ffa96f485d5e28fa9e63a89b90fa87f1ca7dcb35abd8aa9255da3cf637a5fef69a426c7f2939d7a68ea7024bef20044a627c0d6c9f0d8f9ec79a9e17ebc0f449d7742432a56b9c233db3f8e1fc9c8bb335bd88577a7f47a0941e8f5251be9deb9a48c9fca9c8b8d550ca4e6ab0c33f94d42c31743de138339e7f1d9dafe195de7d137e13b12fa537152dd995498d94aa84460a1bca3f307dfe69349bc0f23b92b68e97f9e25276c7d719dcfaaffa429da7de9dbd944e19131db50d4f94dfa57554bf429796627e544db7e5262aef172b164a5924445dfaa29e4ae1a1a372fb5cca9161cd8fd2fea652cbecaacb919eca3150476742e58153390967ab32c9d3723d81a5f145da670ee5bce0e84385473bfb28d76032fdfaf50f9567a82991bfad17a432aabe634e95d9aa5cbb44a46feca47c6dcc30235de72d2e21a9e4363cb901da63254e4fc8a04472134ab5769e45f25293e3a852da40a89e02c306e655a190f25d4f342ed53b74846a3ee5f00849b51ed2dac9582ae35db502c724835b25776651358d4d7c7cffedc4b96849578314c98d3da77e8931e47710186f90fdc0d4eb039fbc3ad5c90e2f71bbdcf18af9ac01b96a55de79c53ac42b70f29459e1f1ca0b1d7d35a89d48b8b7aa4d07412a59e1f0aada899ff79fb65c162b6e51a4e9edfba57fb67b8f5be74f898ec7e0a17cf2fbad139b6e84fbb36da8cd2fca9d1c86ab5d1fc9b96bfc06f38b04fe09b3a4f06beae989af3df6da95f9beaeacd90cfc750e7125c27ced0775976382dd20826a1d49fdda4b3e37b1ecde975d96cb6cf9beab17c86d91684d6dc199170daf381066fbbb739ed50b6696e5e79d6fb3868bf7f6fe9516c937096bbc894c6830715871bee4db6c3c0f6777c2f938dbe69773c19c494b2736a6af72a017efed0d2c08658135713dcfb9e379eec40af88d619e30fdf36b989b2ae1b45eadf4c0740eafb76dfeb238d4d9657189786f7aab93fb93ad012d60daa14ea1ef36191e8b639dcb059788bf7ef535f243b8b1ac9e6d718d7b9762f734c0f8a238c947c77e4175306f97ebfe0874e61bc315150b9db0f8158ebf0264b1e195bb16b642984b4fff825ead659c163797bdab7d26ccf23f2eff8a5a6d62b9291c3768118c79f3fdfdb7f7ebabfaab028c93f8401df7eec9d387bc2a21e697b7ef8c8a38ff47354833b3c53249e3e3bad847f76b9fab685fac8f719a2f175a57c7ff1f6db2fdda13aea50000000049454e44ae426082, 3, 1),
(9, 'else', '61273', 'else@gmx.com', 0x89504e470d0a1a0a0000000d4948445200000113000000b70803000000068d4ac60000008a504c5445ffffff3333332f2f2f2a2a2a2626262d2d2d1f1f1f1d1d1d0f0f0f1818181515150d0d0d242424e0e0e02222221a1a1aeeeeee737373f9f9f9ececec3d3d3de2e2e2919191bcbcbca4a4a4cdcdcd363636d9d9d9686868999999565656c2c2c2b3b3b34747474f4f4f6666667d7d7d5e5e5e8b8b8badadad8383839f9f9f959595555555c9c9c97171711b4b6a1800000bd049444154789cdd9d6b97a23c0c805fda7257444540d1112fb83ae3fcffbff7eaccceae42b9a4a42deef36dcfd9332db14dd2244dfffb4f23b3c53249e3e3bad8472bc33056d1be581fe334592e663aa7a58b71121fa8e35a01a39410e30742286581e53af4102763dd9354c87253386ec04ca3099305ae536c96ba27ab80715af8768b381e0563fb45fa4faf972c36bc116917c51364e41971a67bea72986f0c9701e5f103738dcd5cf707a0937c38a202f92d16e723d1fd1198841bcb826e992ac4b236a1ee4f416271f4fb2d91bf30ffb8d0fd3908646b9f2249e40ef5d7afae6f1707a7abdded8ae91c5e79ad84531f5b225f52f1a72fab57de5177cd23d47fd7fd7142240c4bb3f260ecf52cf3bc70254ae48e5bbc9817974a5124cf987eaafb3301ccf7967489dcb1f62fb3547274fb5b87e9e4ba3fb61b9fb235c923eea7eecfedc06225cb00f3a1abc17b7089dfffb00783f803b7caef8e6289dc7106edc07dda1a446218f68095ca5ea6e7da04dbebfef41a66915aedfa088d0699110a89985742280bec89eb799e3bb10346c574b4490678549e8b7c0c61b61f4d2fc9329b876138cf96c9651af93613f95374703e6d282012e645f1b5bae667d738f2e09a89d081ad949080d336167baf4f668ddf1938aa4d86b57d662ba02e21935d9ba795ec2640a998ab2129da3dd0e258d1b6c35fdd46c0e3351d90493ec076bfe9750d7ca41e6cfdb183d4ef047082fd9c76d17ddf8705cc33b64e12bf1340ee81a60d8c8ea53ee8af7bb99c8f849181266d8ea029ab6c04da3ffe0052623390634223b8bd0c41670642f51b9f02326141c300326bb440fe4230294407d237c151de2042b13587f3171065d2c37d00ad145f6f343202281312bdc240bd8947809f2fe8731c0903c048a318ed0bc18c213ba7a79104997c5f5fa9e40eb0a07b6b3e8836273b94ef139925c0a737454dce5fde00be9ba5c9f6cc203ebdd33fb61142f2249e1ecfed08b08f01c6ef9602f42c3d220c0806a260c90a65c815407f6951b390ed6de3a42f13809a4550606096006d82e644413c374ffd950e881db672a4417380a5536f8faf93eeb3332cb4612111bdc9156dd86e409609c50b089e00b64ef54259426a915cbcd057061a57ad46798304d708e2c0a071959a9e0ce252226e1dd8e6311c95b1d92964665697fc5657b6102d4ba78823b7108242f51e661a3704254e7c7519e40b28ef4751c7066561d90575ec2640b96d738d3af61a94edc154ef8d2c21fe9ac170038131688d4e54996390863546bf5007ff050901abd3b2b01a5854b303343c37738c3a782d09b08c0077f92e8185066a8aac615ace98e03a4e194899616bf83a80e5e32e6e566e01bcf5a164f30037b46e9920ab333e6760edda0437303a86ed1d839e5187e7032d20d7ab4fb0dd682e0b58a5966ebb733b6ec9af3280f94c06ba35047a02e83e230f98137b9f136e9a3285fe260a5c5970213c6a48091854fa82a18ecf610e5527d8114050d4f30b4ff6850da87772c3469d00fc769d740f6503bf4482eab4415db61b6c83383e0fe061e74e90238e9f436ab8be917ee411b8df86aaf8c166ef2e14c4f139cc44ee0fbb881310b9f7efc8adcf017bd6776cbcc4ed55e40233f2e9a28c80d9b96d1ebc2bd19f22d775251b1eb017f9055a9a059658fa01d9932e03f722efa05943014fc040f7a4cb88a87d03cf6d136b8720f9c403f7acbf18e1e4e32e423b57767d01a4a0ec119472555041eea34ce4de4910ed1d85b27c05372e66ed180f21bd7fc7e91f6d5b0af79bf111bebc162137f69bfe0eb678332fa98e2cacfae389de8e9b90bbf60d6a054c991e323126fd3ca754e454317499187e1f95b214d664839689e18867bfc6bdfa790d582686251a199df7eb1f39649990402c0cb908fa35c21bb24c0c2214cac8a0cd6194caa4877ff21b071ecbd8f61f546aa0ad8ff6ffc687c60d3608634a91c50f22ba8ed0e0d1ddb20ac8af362b1e87bcfd25916d24f7bc033e1753cbfb8893f3d38701b2ea89f524ce73127f7816d4a1957c2e06c64f02f7f8dd806dfa9496718b6ef667f1dce83bf83a5ccfae471796e4911c3f011dd703f2ebcf36993eed3ad33fb6bb2af3e373a36feb4fbc61f68b40a42239ce0688c7d2e703cef93933439d69b359cea6cef358ee5311563a01cc446e3cb67bdcde3e949c824bc97e506f97d62d9679baf34adfec97c297e1a173705672dcbe737e87d35d6beb9494111939d1695b96cb7c7b8a9cf20b5784e3d774eec82539bfd3350fe8f0527ff3a8b2cac8cd2e59fb699ce67992e7693cdddffe5db5b7a388b7a2ae1d9d39c979c08e8eac57338b33b78337a18c057718bf7b2cf16bea39b36e470dc9f9e26e01c0fa48c97205af950856f57faed3f6917d89a74bfd49632fbd8d0373b9a8d37418e8d243507afd4987ec246bae5c0e8f806779a87f6c3ed39e3bcc47769d52bbe169f7a4e7c78eefe231a7ddb56b3f6d48af676baf7becd24b2adc50bb6db1dcfe4797a7efda7b4f49af7b6cad8f6dd9397fb84e3dbbf6904ba8ed4d3b56f2b4ee1ef905f76d271eabbbe1bb9e568e5536bf37c36c39ab53f7d2a659cb6e565047dd526f0f6c9c146e379f917def6c6f59d6bdcbbd1d7d6eb6b050614b9b2505f5f62df7328452a0e1225b5eafd765b6100a9c36bb070aee6534dfdf09e4ff28557e352e1405f7779aef7949aff7e7d2a46595dcf36af25014f60778a4a97f8292fb804df74611baf589d0d4e14fcda5ebfa230f62212c8cfa3a0c4553aabf7d8658300da3bebc5ad13df4facda347c3dea955289ea209d4b9b29263c14dd4c5ce95b5c2aceb7fa2acd9c810a7547374939b826ca64ec7299b00df1fd0d3b2f537fc66b692b3188ff0af47043adf734cb8febdafb0db3057cb3a3a1f199bf38ca1d295cbede387d34b589415ef5752da6b98535fa0559d70158aa9f635114e5f50d42bb37038976c55771aaef68f959c816ca39ab525aa5f3cabf61956e545d75189ffa96f485d5e28fa9e63a89b90fa87f1ca7dcb35abd8aa9255da3cf637a5fef69a426c7f2939d7a68ea7024bef20044a627c0d6c9f0d8f9ec79a9e17ebc0f449d7742432a56b9c233db3f8e1fc9c8bb335bd88577a7f47a0941e8f5251be9deb9a48c9fca9c8b8d550ca4e6ab0c33f94d42c31743de138339e7f1d9dafe195de7d137e13b12fa537152dd995498d94aa84460a1bca3f307dfe69349bc0f23b92b68e97f9e25276c7d719dcfaaffa429da7de9dbd944e19131db50d4f94dfa57554bf429796627e544db7e5262aef172b164a5924445dfaa29e4ae1a1a372fb5cca9161cd8fd2fea652cbecaacb919eca3150476742e58153390967ab32c9d3723d81a5f145da670ee5bce0e84385473bfb28d76032fdfaf50f9567a82991bfad17a432aabe634e95d9aa5cbb44a46feca47c6dcc30235de72d2e21a9e4363cb901da63254e4fc8a04472134ab5769e45f25293e3a852da40a89e02c306e655a190f25d4f342ed53b74846a3ee5f00849b51ed2dac9582ae35db502c724835b25776651358d4d7c7cffedc4b96849578314c98d3da77e8931e47710186f90fdc0d4eb039fbc3ad5c90e2f71bbdcf18af9ac01b96a55de79c53ac42b70f29459e1f1ca0b1d7d35a89d48b8b7aa4d07412a59e1f0aada899ff79fb65c162b6e51a4e9edfba57fb67b8f5be74f898ec7e0a17cf2fbad139b6e84fbb36da8cd2fca9d1c86ab5d1fc9b96bfc06f38b04fe09b3a4f06beae989af3df6da95f9beaeacd90cfc750e7125c27ced0775976382dd20826a1d49fdda4b3e37b1ecde975d96cb6cf9beab17c86d91684d6dc199170daf381066fbbb739ed50b6696e5e79d6fb3868bf7f6fe9516c937096bbc894c6830715871bee4db6c3c0f6777c2f938dbe69773c19c494b2736a6af72a017efed0d2c08658135713dcfb9e379eec40af88d619e30fdf36b989b2ae1b45eadf4c0740eafb76dfeb238d4d9657189786f7aab93fb93ad012d60daa14ea1ef36191e8b639dcb059788bf7ef535f243b8b1ac9e6d718d7b9762f734c0f8a238c947c77e4175306f97ebfe0874e61bc315150b9db0f8158ebf0264b1e195bb16b642984b4fff825ead659c163797bdab7d26ccf23f2eff8a5a6d62b9291c3768118c79f3fdfdb7f7ebabfaab028c93f8401df7eec9d387bc2a21e697b7ef8c8a38ff47354833b3c53249e3e3bad847f76b9fab685fac8f719a2f175a57c7ff1f6db2fdda13aea50000000049454e44ae426082, 3, 1),
(23, 'hans', '1234', 'hans@gmx.net', '', 0, 0);

--
-- Indizes der exportierten Tabellen
--

--
-- Indizes für die Tabelle `tbl_formation`
--
ALTER TABLE `tbl_formation`
  ADD PRIMARY KEY (`frm_id`);

--
-- Indizes für die Tabelle `tbl_position`
--
ALTER TABLE `tbl_position`
  ADD PRIMARY KEY (`pos_id`);

--
-- Indizes für die Tabelle `tbl_spieler`
--
ALTER TABLE `tbl_spieler`
  ADD PRIMARY KEY (`spl_id`),
  ADD KEY `spl_fs_team` (`spl_fs_team`),
  ADD KEY `spl_fs_position` (`spl_fs_position`);

--
-- Indizes für die Tabelle `tbl_spielplan`
--
ALTER TABLE `tbl_spielplan`
  ADD PRIMARY KEY (`sp_id`),
  ADD KEY `sp_fs_heim` (`sp_fs_heim`),
  ADD KEY `sp_fs_auswaerts` (`sp_fs_auswaerts`);

--
-- Indizes für die Tabelle `tbl_team`
--
ALTER TABLE `tbl_team`
  ADD PRIMARY KEY (`tm_id`),
  ADD KEY `tm_fs_trainer` (`tm_fs_trainer`),
  ADD KEY `tm_fs_formation` (`tm_fs_formation`);

--
-- Indizes für die Tabelle `tbl_trainer`
--
ALTER TABLE `tbl_trainer`
  ADD PRIMARY KEY (`tr_id`);

--
-- Indizes für die Tabelle `tbl_transfer`
--
ALTER TABLE `tbl_transfer`
  ADD PRIMARY KEY (`trf_id`);

--
-- Indizes für die Tabelle `tbl_user`
--
ALTER TABLE `tbl_user`
  ADD PRIMARY KEY (`usr_id`),
  ADD KEY `usr_fs_team` (`usr_fs_team`);

--
-- AUTO_INCREMENT für exportierte Tabellen
--

--
-- AUTO_INCREMENT für Tabelle `tbl_formation`
--
ALTER TABLE `tbl_formation`
  MODIFY `frm_id` int(11) NOT NULL AUTO_INCREMENT, AUTO_INCREMENT=4;

--
-- AUTO_INCREMENT für Tabelle `tbl_position`
--
ALTER TABLE `tbl_position`
  MODIFY `pos_id` int(11) NOT NULL AUTO_INCREMENT, AUTO_INCREMENT=14;

--
-- AUTO_INCREMENT für Tabelle `tbl_spieler`
--
ALTER TABLE `tbl_spieler`
  MODIFY `spl_id` int(11) NOT NULL AUTO_INCREMENT, AUTO_INCREMENT=6;

--
-- AUTO_INCREMENT für Tabelle `tbl_spielplan`
--
ALTER TABLE `tbl_spielplan`
  MODIFY `sp_id` int(11) NOT NULL AUTO_INCREMENT, AUTO_INCREMENT=17;

--
-- AUTO_INCREMENT für Tabelle `tbl_team`
--
ALTER TABLE `tbl_team`
  MODIFY `tm_id` int(11) NOT NULL AUTO_INCREMENT, AUTO_INCREMENT=21;

--
-- AUTO_INCREMENT für Tabelle `tbl_trainer`
--
ALTER TABLE `tbl_trainer`
  MODIFY `tr_id` int(11) NOT NULL AUTO_INCREMENT, AUTO_INCREMENT=19;

--
-- AUTO_INCREMENT für Tabelle `tbl_transfer`
--
ALTER TABLE `tbl_transfer`
  MODIFY `trf_id` int(11) NOT NULL AUTO_INCREMENT, AUTO_INCREMENT=5;

--
-- AUTO_INCREMENT für Tabelle `tbl_user`
--
ALTER TABLE `tbl_user`
  MODIFY `usr_id` int(11) NOT NULL AUTO_INCREMENT, AUTO_INCREMENT=24;

--
-- Constraints der exportierten Tabellen
--

--
-- Constraints der Tabelle `tbl_spieler`
--
ALTER TABLE `tbl_spieler`
  ADD CONSTRAINT `tbl_spieler_ibfk_1` FOREIGN KEY (`spl_fs_team`) REFERENCES `tbl_team` (`tm_id`),
  ADD CONSTRAINT `tbl_spieler_ibfk_2` FOREIGN KEY (`spl_fs_position`) REFERENCES `tbl_position` (`pos_id`);

--
-- Constraints der Tabelle `tbl_spielplan`
--
ALTER TABLE `tbl_spielplan`
  ADD CONSTRAINT `tbl_spielplan_ibfk_1` FOREIGN KEY (`sp_fs_heim`) REFERENCES `tbl_team` (`tm_id`),
  ADD CONSTRAINT `tbl_spielplan_ibfk_2` FOREIGN KEY (`sp_fs_auswaerts`) REFERENCES `tbl_team` (`tm_id`);

--
-- Constraints der Tabelle `tbl_team`
--
ALTER TABLE `tbl_team`
  ADD CONSTRAINT `tbl_team_ibfk_1` FOREIGN KEY (`tm_fs_trainer`) REFERENCES `tbl_trainer` (`tr_id`),
  ADD CONSTRAINT `tbl_team_ibfk_2` FOREIGN KEY (`tm_fs_formation`) REFERENCES `tbl_formation` (`frm_id`);

--
-- Constraints der Tabelle `tbl_user`
--
ALTER TABLE `tbl_user`
  ADD CONSTRAINT `tbl_user_ibfk_1` FOREIGN KEY (`usr_fs_team`) REFERENCES `tbl_team` (`tm_id`);
COMMIT;

/*!40101 SET CHARACTER_SET_CLIENT=@OLD_CHARACTER_SET_CLIENT */;
/*!40101 SET CHARACTER_SET_RESULTS=@OLD_CHARACTER_SET_RESULTS */;
/*!40101 SET COLLATION_CONNECTION=@OLD_COLLATION_CONNECTION */;
